,name,temp,wind_speed,date
0,Hunter,32.68125,6.515416666666667,2021-12-19
1,Jack Frost,33.56625,11.320833333333333,2021-12-19
2,Big Boulder,31.441666666666677,4.212500000000001,2021-12-19
3,Windham,32.240416666666654,3.6737500000000005,2021-12-19
4,Mountain Creek,36.42749999999999,3.367083333333333,2021-12-19
5,Roundtop,39.973333333333336,10.220833333333333,2021-12-19
6,Mt Snow,24.448333333333334,4.9625,2021-12-19
7,Mohawk,30.87333333333333,3.0104166666666665,2021-12-19
8,Killington,26.37708333333333,2.8874999999999993,2021-12-19
9,Stowe,23.507083333333338,7.24125,2021-12-19
10,Stratton,24.448333333333334,4.9625,2021-12-19
11,Sugarbush,24.19333333333333,5.078333333333334,2021-12-19
12,Okemo,28.095416666666665,2.1970833333333335,2021-12-19
0,Hunter,23.228749999999994,3.897500000000001,2021-12-20 00:00:00
1,Jack Frost,24.831250000000008,5.625416666666667,2021-12-20 00:00:00
2,Big Boulder,22.460833333333337,4.26875,2021-12-20 00:00:00
3,Windham,23.266250000000003,2.9050000000000007,2021-12-20 00:00:00
4,Mountain Creek,27.17833333333334,1.2716666666666667,2021-12-20 00:00:00
5,Roundtop,28.961666666666662,3.3825,2021-12-20 00:00:00
6,Mt Snow,15.040416666666665,3.2366666666666664,2021-12-20 00:00:00
7,Mohawk,22.942916666666665,3.4737499999999994,2021-12-20 00:00:00
8,Killington,16.2925,1.897083333333333,2021-12-20 00:00:00
9,Stowe,15.68,3.8945833333333337,2021-12-20 00:00:00
10,Stratton,15.040416666666665,3.2366666666666664,2021-12-20 00:00:00
11,Sugarbush,16.597916666666666,3.3237500000000004,2021-12-20 00:00:00
12,Okemo,17.946250000000003,2.044583333333333,2021-12-20 00:00:00
0,Hunter,29.911249999999995,2.96625,2021-12-21 00:00:00
1,Jack Frost,29.061249999999998,3.698333333333333,2021-12-21 00:00:00
2,Big Boulder,26.550833333333333,6.7441666666666675,2021-12-21 00:00:00
3,Windham,31.056249999999995,2.7695833333333333,2021-12-21 00:00:00
4,Mountain Creek,30.410416666666663,1.8416666666666666,2021-12-21 00:00:00
5,Roundtop,30.01166666666666,1.2445833333333334,2021-12-21 00:00:00
6,Mt Snow,24.951249999999998,6.572499999999999,2021-12-21 00:00:00
7,Mohawk,28.493750000000002,2.1512499999999997,2021-12-21 00:00:00
8,Killington,29.610416666666666,2.775,2021-12-21 00:00:00
9,Stowe,29.16791666666667,5.672083333333332,2021-12-21 00:00:00
10,Stratton,24.951249999999998,6.572499999999999,2021-12-21 00:00:00
11,Sugarbush,30.33375,5.4325,2021-12-21 00:00:00
12,Okemo,28.7175,2.31,2021-12-21 00:00:00
0,Hunter,32.83833333333334,5.519166666666667,2021-12-22 00:00:00
1,Jack Frost,32.54333333333333,7.884166666666665,2021-12-22 00:00:00
2,Big Boulder,30.59958333333334,6.153333333333335,2021-12-22 00:00:00
3,Windham,33.89708333333333,2.3033333333333332,2021-12-22 00:00:00
4,Mountain Creek,35.770833333333336,1.60125,2021-12-22 00:00:00
5,Roundtop,34.714999999999996,7.289583333333334,2021-12-22 00:00:00
6,Mt Snow,26.809166666666666,6.763749999999999,2021-12-22 00:00:00
7,Mohawk,32.662499999999994,2.3725,2021-12-22 00:00:00
8,Killington,30.450833333333335,3.1070833333333323,2021-12-22 00:00:00
9,Stowe,29.502499999999998,3.2595833333333335,2021-12-22 00:00:00
10,Stratton,26.809166666666666,6.763749999999999,2021-12-22 00:00:00
11,Sugarbush,30.08416666666666,4.9504166666666665,2021-12-22 00:00:00
12,Okemo,30.39583333333334,1.5812499999999998,2021-12-22 00:00:00
0,Hunter,27.988333333333333,7.720416666666666,2021-12-23 00:00:00
1,Jack Frost,27.411249999999995,9.089583333333335,2021-12-23 00:00:00
2,Big Boulder,25.08791666666666,6.287916666666667,2021-12-23 00:00:00
3,Windham,27.571666666666662,3.5350000000000006,2021-12-23 00:00:00
4,Mountain Creek,30.06375,2.2408333333333332,2021-12-23 00:00:00
5,Roundtop,29.49458333333334,8.31875,2021-12-23 00:00:00
6,Mt Snow,19.04083333333333,11.130416666666667,2021-12-23 00:00:00
7,Mohawk,26.284583333333334,3.1875,2021-12-23 00:00:00
8,Killington,21.71333333333334,3.009166666666667,2021-12-23 00:00:00
9,Stowe,16.86125,9.35375,2021-12-23 00:00:00
10,Stratton,19.04083333333333,11.130416666666667,2021-12-23 00:00:00
11,Sugarbush,18.545416666666664,8.500833333333333,2021-12-23 00:00:00
12,Okemo,23.657499999999995,4.09375,2021-12-23 00:00:00
0,Hunter,25.547916666666662,2.881249999999999,2021-12-24 00:00:00
1,Jack Frost,30.391250000000003,4.150000000000001,2021-12-24 00:00:00
2,Big Boulder,27.519166666666667,2.887916666666666,2021-12-24 00:00:00
3,Windham,25.631250000000005,2.0974999999999997,2021-12-24 00:00:00
4,Mountain Creek,30.05916666666666,1.7066666666666663,2021-12-24 00:00:00
5,Roundtop,35.92708333333332,4.868333333333333,2021-12-24 00:00:00
6,Mt Snow,16.215416666666666,2.4883333333333333,2021-12-24 00:00:00
7,Mohawk,22.743333333333336,3.0666666666666664,2021-12-24 00:00:00
8,Killington,18.289166666666667,1.5950000000000004,2021-12-24 00:00:00
9,Stowe,14.241666666666667,1.2929166666666667,2021-12-24 00:00:00
10,Stratton,16.215416666666666,2.4883333333333333,2021-12-24 00:00:00
11,Sugarbush,16.962916666666665,1.7874999999999999,2021-12-24 00:00:00
12,Okemo,18.487916666666667,0.6445833333333333,2021-12-24 00:00:00
0,Hunter,31.206666666666667,3.1145833333333335,2021-12-25 00:00:00
1,Jack Frost,37.62583333333333,3.9312500000000004,2021-12-25 00:00:00
2,Big Boulder,34.60083333333333,4.196666666666666,2021-12-25 00:00:00
3,Windham,31.814583333333335,3.182916666666666,2021-12-25 00:00:00
4,Mountain Creek,34.782916666666665,1.3625,2021-12-25 00:00:00
5,Roundtop,43.85875000000001,2.9224999999999994,2021-12-25 00:00:00
6,Mt Snow,24.947500000000005,2.3716666666666666,2021-12-25 00:00:00
7,Mohawk,27.838749999999994,2.2849999999999997,2021-12-25 00:00:00
8,Killington,28.291666666666668,2.013333333333333,2021-12-25 00:00:00
9,Stowe,23.821666666666662,0.47875,2021-12-25 00:00:00
10,Stratton,24.947500000000005,2.3716666666666666,2021-12-25 00:00:00
11,Sugarbush,26.256666666666664,2.57375,2021-12-25 00:00:00
12,Okemo,27.770833333333332,1.0866666666666671,2021-12-25 00:00:00
0,Hunter,36.94291666666667,6.140833333333333,2021-12-26 00:00:00
1,Jack Frost,42.871249999999996,10.741666666666667,2021-12-26 00:00:00
2,Big Boulder,40.695,3.715833333333334,2021-12-26 00:00:00
3,Windham,37.23791666666666,2.8937500000000003,2021-12-26 00:00:00
4,Mountain Creek,43.81416666666667,3.6362500000000004,2021-12-26 00:00:00
5,Roundtop,48.02208333333332,7.242500000000001,2021-12-26 00:00:00
6,Mt Snow,28.605833333333337,6.357916666666667,2021-12-26 00:00:00
7,Mohawk,35.64458333333332,3.6929166666666666,2021-12-26 00:00:00
8,Killington,29.769166666666663,2.433333333333333,2021-12-26 00:00:00
9,Stowe,26.552500000000006,4.555416666666666,2021-12-26 00:00:00
10,Stratton,28.605833333333337,6.357916666666667,2021-12-26 00:00:00
11,Sugarbush,27.655,3.9579166666666663,2021-12-26 00:00:00
12,Okemo,31.557500000000005,4.123749999999999,2021-12-26 00:00:00
0,Hunter,30.08375,4.539583333333333,2021-12-27 00:00:00
1,Jack Frost,31.62666666666667,6.430000000000001,2021-12-27 00:00:00
2,Big Boulder,29.188333333333333,5.7683333333333335,2021-12-27 00:00:00
3,Windham,30.66125,2.6487499999999997,2021-12-27 00:00:00
4,Mountain Creek,33.30583333333333,3.5258333333333334,2021-12-27 00:00:00
5,Roundtop,34.166250000000005,4.431666666666666,2021-12-27 00:00:00
6,Mt Snow,22.83375,3.599999999999999,2021-12-27 00:00:00
7,Mohawk,29.638333333333332,2.8479166666666664,2021-12-27 00:00:00
8,Killington,25.405833333333334,1.7124999999999997,2021-12-27 00:00:00
9,Stowe,23.575833333333335,5.909583333333333,2021-12-27 00:00:00
10,Stratton,22.83375,3.599999999999999,2021-12-27 00:00:00
11,Sugarbush,24.406666666666666,2.2566666666666673,2021-12-27 00:00:00
12,Okemo,26.620416666666667,3.3491666666666666,2021-12-27 00:00:00
0,Hunter,33.904166666666676,4.04375,2021-12-28 00:00:00
1,Jack Frost,35.211666666666666,6.039583333333333,2021-12-28 00:00:00
2,Big Boulder,32.67124999999999,5.8475,2021-12-28 00:00:00
3,Windham,34.528749999999995,3.897916666666667,2021-12-28 00:00:00
4,Mountain Creek,36.025416666666665,1.594166666666667,2021-12-28 00:00:00
5,Roundtop,35.60416666666668,3.5145833333333325,2021-12-28 00:00:00
6,Mt Snow,26.955000000000002,7.304583333333333,2021-12-28 00:00:00
7,Mohawk,32.67166666666667,2.7070833333333333,2021-12-28 00:00:00
8,Killington,29.248749999999998,3.9975000000000005,2021-12-28 00:00:00
9,Stowe,27.418333333333333,3.545416666666666,2021-12-28 00:00:00
10,Stratton,26.955000000000002,7.304583333333333,2021-12-28 00:00:00
11,Sugarbush,28.54041666666667,4.287083333333333,2021-12-28 00:00:00
12,Okemo,29.775000000000002,1.6379166666666667,2021-12-28 00:00:00
0,Hunter,34.30041666666667,1.3620833333333335,2021-12-29 00:00:00
1,Jack Frost,38.44416666666666,3.9141666666666666,2021-12-29 00:00:00
2,Big Boulder,35.8375,4.781666666666665,2021-12-29 00:00:00
3,Windham,34.82541666666666,1.6012499999999996,2021-12-29 00:00:00
4,Mountain Creek,39.00541666666667,2.474583333333333,2021-12-29 00:00:00
5,Roundtop,42.11333333333332,3.0429166666666663,2021-12-29 00:00:00
6,Mt Snow,29.33375,2.0454166666666667,2021-12-29 00:00:00
7,Mohawk,33.857083333333335,1.6383333333333334,2021-12-29 00:00:00
8,Killington,31.94875,2.2791666666666663,2021-12-29 00:00:00
9,Stowe,29.484166666666656,1.7249999999999996,2021-12-29 00:00:00
10,Stratton,29.33375,2.0454166666666667,2021-12-29 00:00:00
11,Sugarbush,30.512916666666673,1.3329166666666667,2021-12-29 00:00:00
12,Okemo,32.925000000000004,0.6708333333333334,2021-12-29 00:00:00
0,Hunter,38.06708333333333,1.835,2021-12-30 00:00:00
1,Jack Frost,42.00000000000001,2.223333333333333,2021-12-30 00:00:00
2,Big Boulder,39.292500000000004,3.592916666666667,2021-12-30 00:00:00
3,Windham,38.490833333333335,2.1312499999999996,2021-12-30 00:00:00
4,Mountain Creek,41.536249999999995,0.43,2021-12-30 00:00:00
5,Roundtop,45.46208333333334,2.3924999999999996,2021-12-30 00:00:00
6,Mt Snow,31.798750000000002,1.9612500000000006,2021-12-30 00:00:00
7,Mohawk,36.96625,2.1070833333333336,2021-12-30 00:00:00
8,Killington,34.64625,1.9120833333333336,2021-12-30 00:00:00
9,Stowe,32.85833333333334,0.6220833333333333,2021-12-30 00:00:00
10,Stratton,31.798750000000002,1.9612500000000006,2021-12-30 00:00:00
11,Sugarbush,33.96958333333334,1.8491666666666664,2021-12-30 00:00:00
12,Okemo,34.875833333333325,0.9379166666666668,2021-12-30 00:00:00
0,Hunter,41.40541666666666,2.669583333333333,2021-12-31 00:00:00
1,Jack Frost,46.162499999999994,3.7375000000000003,2021-12-31 00:00:00
2,Big Boulder,43.396666666666675,4.402916666666665,2021-12-31 00:00:00
3,Windham,41.85583333333333,2.464166666666667,2021-12-31 00:00:00
4,Mountain Creek,46.40833333333333,1.39,2021-12-31 00:00:00
5,Roundtop,48.86833333333333,3.944166666666666,2021-12-31 00:00:00
6,Mt Snow,33.71083333333334,2.689583333333333,2021-12-31 00:00:00
7,Mohawk,41.775,2.4274999999999998,2021-12-31 00:00:00
8,Killington,35.162916666666675,3.608749999999999,2021-12-31 00:00:00
9,Stowe,34.23291666666666,1.2458333333333333,2021-12-31 00:00:00
10,Stratton,33.71083333333334,2.689583333333333,2021-12-31 00:00:00
11,Sugarbush,34.63375,1.763333333333333,2021-12-31 00:00:00
12,Okemo,35.74666666666666,0.6683333333333333,2021-12-31 00:00:00
0,Hunter,45.26291666666666,3.2016666666666675,2022-01-01 00:00:00
1,Jack Frost,47.97083333333333,3.2529166666666662,2022-01-01 00:00:00
2,Big Boulder,45.24125,4.29125,2022-01-01 00:00:00
3,Windham,45.39125000000001,2.565416666666667,2022-01-01 00:00:00
4,Mountain Creek,48.951249999999995,0.5433333333333333,2022-01-01 00:00:00
5,Roundtop,50.469583333333325,4.5545833333333325,2022-01-01 00:00:00
6,Mt Snow,36.24333333333333,2.8158333333333334,2022-01-01 00:00:00
7,Mohawk,45.37708333333333,2.6087499999999997,2022-01-01 00:00:00
8,Killington,36.53458333333334,3.69125,2022-01-01 00:00:00
9,Stowe,36.15208333333333,2.78125,2022-01-01 00:00:00
10,Stratton,36.24333333333333,2.8158333333333334,2022-01-01 00:00:00
11,Sugarbush,36.06875,3.2754166666666666,2022-01-01 00:00:00
12,Okemo,37.48625,0.9391666666666669,2022-01-01 00:00:00
0,Hunter,41.0825,4.095833333333334,2022-01-02 00:00:00
1,Jack Frost,45.28916666666667,4.932916666666666,2022-01-02 00:00:00
2,Big Boulder,44.02833333333333,2.4966666666666666,2022-01-02 00:00:00
3,Windham,40.838750000000005,2.2449999999999997,2022-01-02 00:00:00
4,Mountain Creek,49.22083333333333,2.2591666666666668,2022-01-02 00:00:00
5,Roundtop,52.29374999999999,5.560833333333334,2022-01-02 00:00:00
6,Mt Snow,33.13625,3.3987499999999997,2022-01-02 00:00:00
7,Mohawk,44.38333333333333,2.5991666666666675,2022-01-02 00:00:00
8,Killington,31.17958333333334,1.8254166666666667,2022-01-02 00:00:00
9,Stowe,27.506249999999998,6.807083333333334,2022-01-02 00:00:00
10,Stratton,33.13625,3.3987499999999997,2022-01-02 00:00:00
11,Sugarbush,28.684583333333325,4.849166666666666,2022-01-02 00:00:00
12,Okemo,35.63666666666666,1.4174999999999998,2022-01-02 00:00:00
0,Hunter,23.87875,7.26125,2022-01-03 00:00:00
1,Jack Frost,24.781666666666666,11.940000000000003,2022-01-03 00:00:00
2,Big Boulder,23.21708333333333,2.440416666666667,2022-01-03 00:00:00
3,Windham,23.225833333333327,2.120833333333333,2022-01-03 00:00:00
4,Mountain Creek,29.032499999999995,1.6245833333333328,2022-01-03 00:00:00
5,Roundtop,31.83541666666666,8.728333333333333,2022-01-03 00:00:00
6,Mt Snow,15.461666666666668,4.908333333333333,2022-01-03 00:00:00
7,Mohawk,24.964583333333334,3.2074999999999996,2022-01-03 00:00:00
8,Killington,14.778333333333329,3.7216666666666662,2022-01-03 00:00:00
9,Stowe,8.923749999999998,8.199166666666668,2022-01-03 00:00:00
10,Stratton,15.461666666666668,4.908333333333333,2022-01-03 00:00:00
11,Sugarbush,10.847499999999998,4.759583333333334,2022-01-03 00:00:00
12,Okemo,18.978333333333335,2.705833333333334,2022-01-03 00:00:00
0,Hunter,18.989166666666666,3.9962500000000003,2022-01-04 00:00:00
1,Jack Frost,19.73041666666667,6.302916666666666,2022-01-04 00:00:00
2,Big Boulder,17.485833333333336,3.1124999999999994,2022-01-04 00:00:00
3,Windham,19.11208333333333,3.0216666666666665,2022-01-04 00:00:00
4,Mountain Creek,22.37666666666667,2.2691666666666666,2022-01-04 00:00:00
5,Roundtop,26.281666666666666,6.067083333333333,2022-01-04 00:00:00
6,Mt Snow,11.056666666666667,4.265,2022-01-04 00:00:00
7,Mohawk,18.88416666666667,2.8658333333333332,2022-01-04 00:00:00
8,Killington,11.941250000000002,1.53875,2022-01-04 00:00:00
9,Stowe,8.019583333333335,1.4825,2022-01-04 00:00:00
10,Stratton,11.056666666666667,4.265,2022-01-04 00:00:00
11,Sugarbush,10.537916666666666,3.6729166666666657,2022-01-04 00:00:00
12,Okemo,14.92,1.8029166666666667,2022-01-04 00:00:00
0,Hunter,29.355416666666667,7.877916666666667,2022-01-05 00:00:00
1,Jack Frost,28.448333333333327,9.235000000000001,2022-01-05 00:00:00
2,Big Boulder,25.53125,5.314166666666667,2022-01-05 00:00:00
3,Windham,30.74625,5.020833333333332,2022-01-05 00:00:00
4,Mountain Creek,29.77916666666667,1.1612500000000001,2022-01-05 00:00:00
5,Roundtop,30.850833333333338,4.859999999999999,2022-01-05 00:00:00
6,Mt Snow,25.014583333333334,8.818333333333333,2022-01-05 00:00:00
7,Mohawk,28.419583333333332,3.5712500000000005,2022-01-05 00:00:00
8,Killington,26.900000000000002,6.464166666666667,2022-01-05 00:00:00
9,Stowe,27.215833333333336,3.1525,2022-01-05 00:00:00
10,Stratton,25.014583333333334,8.818333333333333,2022-01-05 00:00:00
11,Sugarbush,28.266666666666662,5.669166666666666,2022-01-05 00:00:00
12,Okemo,27.409166666666664,2.7429166666666664,2022-01-05 00:00:00
0,Hunter,31.230833333333326,5.220000000000001,2022-01-06 00:00:00
1,Jack Frost,29.724999999999994,8.820833333333333,2022-01-06 00:00:00
2,Big Boulder,27.54958333333333,4.304583333333333,2022-01-06 00:00:00
3,Windham,32.369166666666665,3.4020833333333336,2022-01-06 00:00:00
4,Mountain Creek,32.580000000000005,2.188333333333333,2022-01-06 00:00:00
5,Roundtop,32.19666666666667,6.090416666666666,2022-01-06 00:00:00
6,Mt Snow,26.557083333333328,10.717500000000001,2022-01-06 00:00:00
7,Mohawk,32.08583333333333,3.3204166666666666,2022-01-06 00:00:00
8,Killington,29.97041666666666,3.204583333333334,2022-01-06 00:00:00
9,Stowe,31.156666666666656,3.9208333333333325,2022-01-06 00:00:00
10,Stratton,26.557083333333328,10.717500000000001,2022-01-06 00:00:00
11,Sugarbush,31.432083333333335,5.185000000000001,2022-01-06 00:00:00
12,Okemo,31.392500000000002,2.706666666666667,2022-01-06 00:00:00
0,Hunter,26.629166666666674,5.868333333333333,2022-01-07 00:00:00
1,Jack Frost,24.44291666666666,7.567083333333335,2022-01-07 00:00:00
2,Big Boulder,22.349999999999998,3.6195833333333334,2022-01-07 00:00:00
3,Windham,26.975000000000005,4.112916666666667,2022-01-07 00:00:00
4,Mountain Creek,27.81583333333333,2.1950000000000003,2022-01-07 00:00:00
5,Roundtop,26.126250000000002,9.885,2022-01-07 00:00:00
6,Mt Snow,20.544583333333335,6.578333333333333,2022-01-07 00:00:00
7,Mohawk,25.282916666666665,2.58875,2022-01-07 00:00:00
8,Killington,24.56458333333333,2.087916666666667,2022-01-07 00:00:00
9,Stowe,23.72583333333333,4.4125,2022-01-07 00:00:00
10,Stratton,20.544583333333335,6.578333333333333,2022-01-07 00:00:00
11,Sugarbush,24.32625,3.7874999999999996,2022-01-07 00:00:00
12,Okemo,25.555416666666673,2.2537499999999997,2022-01-07 00:00:00
0,Hunter,18.090416666666666,5.915833333333334,2022-01-08 00:00:00
1,Jack Frost,18.700833333333332,8.553749999999999,2022-01-08 00:00:00
2,Big Boulder,16.56,3.8045833333333334,2022-01-08 00:00:00
3,Windham,17.600000000000005,3.0629166666666667,2022-01-08 00:00:00
4,Mountain Creek,21.85291666666667,1.9166666666666667,2022-01-08 00:00:00
5,Roundtop,20.88458333333333,7.435833333333335,2022-01-08 00:00:00
6,Mt Snow,10.870416666666666,7.468333333333334,2022-01-08 00:00:00
7,Mohawk,17.39916666666667,3.029166666666667,2022-01-08 00:00:00
8,Killington,12.927499999999997,1.8258333333333336,2022-01-08 00:00:00
9,Stowe,9.028333333333332,5.3166666666666655,2022-01-08 00:00:00
10,Stratton,10.870416666666666,7.468333333333334,2022-01-08 00:00:00
11,Sugarbush,10.977916666666665,3.9354166666666672,2022-01-08 00:00:00
12,Okemo,15.586666666666666,3.875,2022-01-08 00:00:00
0,Hunter,25.410416666666663,8.467916666666667,2022-01-09 00:00:00
1,Jack Frost,25.872916666666665,8.11875,2022-01-09 00:00:00
2,Big Boulder,22.900833333333335,3.27125,2022-01-09 00:00:00
3,Windham,26.355833333333333,2.125416666666667,2022-01-09 00:00:00
4,Mountain Creek,27.326666666666657,2.64125,2022-01-09 00:00:00
5,Roundtop,27.1675,4.794583333333333,2022-01-09 00:00:00
6,Mt Snow,20.824166666666667,8.537083333333333,2022-01-09 00:00:00
7,Mohawk,24.343333333333344,2.5183333333333335,2022-01-09 00:00:00
8,Killington,23.487083333333334,2.9199999999999995,2022-01-09 00:00:00
9,Stowe,23.65125,3.1454166666666663,2022-01-09 00:00:00
10,Stratton,20.824166666666667,8.537083333333333,2022-01-09 00:00:00
11,Sugarbush,24.338333333333328,7.076249999999999,2022-01-09 00:00:00
12,Okemo,23.746666666666666,2.6587499999999995,2022-01-09 00:00:00
0,Hunter,26.321249999999996,7.877500000000001,2022-01-10 00:00:00
1,Jack Frost,25.14583333333334,11.991666666666667,2022-01-10 00:00:00
2,Big Boulder,22.95125,6.248333333333332,2022-01-10 00:00:00
3,Windham,26.797499999999996,3.276666666666667,2022-01-10 00:00:00
4,Mountain Creek,28.887083333333337,3.6174999999999993,2022-01-10 00:00:00
5,Roundtop,28.542500000000008,11.880000000000003,2022-01-10 00:00:00
6,Mt Snow,19.918333333333333,13.406666666666666,2022-01-10 00:00:00
7,Mohawk,26.436666666666657,2.9266666666666663,2022-01-10 00:00:00
8,Killington,23.85166666666666,2.0020833333333337,2022-01-10 00:00:00
9,Stowe,19.853333333333328,8.174166666666666,2022-01-10 00:00:00
10,Stratton,19.918333333333333,13.406666666666666,2022-01-10 00:00:00
11,Sugarbush,21.588333333333335,9.145833333333332,2022-01-10 00:00:00
12,Okemo,25.146250000000006,4.854166666666666,2022-01-10 00:00:00
0,Hunter,12.002916666666666,7.415833333333332,2022-01-11 00:00:00
1,Jack Frost,13.302083333333336,9.835833333333335,2022-01-11 00:00:00
2,Big Boulder,11.309166666666664,5.07375,2022-01-11 00:00:00
3,Windham,11.46375,3.435833333333333,2022-01-11 00:00:00
4,Mountain Creek,16.203333333333337,3.080833333333332,2022-01-11 00:00:00
5,Roundtop,20.02875,9.008750000000001,2022-01-11 00:00:00
6,Mt Snow,2.5325,7.096666666666668,2022-01-11 00:00:00
7,Mohawk,10.96625,4.392083333333333,2022-01-11 00:00:00
8,Killington,4.081666666666667,2.4741666666666666,2022-01-11 00:00:00
9,Stowe,-1.8945833333333333,7.191666666666666,2022-01-11 00:00:00
10,Stratton,2.5325,7.096666666666668,2022-01-11 00:00:00
11,Sugarbush,0.7608333333333336,6.4875,2022-01-11 00:00:00
12,Okemo,6.248749999999998,3.7812499999999996,2022-01-11 00:00:00
0,Hunter,16.079999999999995,6.279166666666668,2022-01-12 00:00:00
1,Jack Frost,17.734166666666667,6.532916666666666,2022-01-12 00:00:00
2,Big Boulder,14.810833333333337,6.596666666666667,2022-01-12 00:00:00
3,Windham,16.54875,4.815,2022-01-12 00:00:00
4,Mountain Creek,19.465833333333332,2.09125,2022-01-12 00:00:00
5,Roundtop,22.407083333333336,3.6112499999999996,2022-01-12 00:00:00
6,Mt Snow,8.807500000000001,5.909583333333334,2022-01-12 00:00:00
7,Mohawk,15.798749999999998,3.7829166666666656,2022-01-12 00:00:00
8,Killington,10.942916666666667,2.7874999999999996,2022-01-12 00:00:00
9,Stowe,9.599583333333333,5.193749999999999,2022-01-12 00:00:00
10,Stratton,8.807500000000001,5.909583333333334,2022-01-12 00:00:00
11,Sugarbush,11.355416666666665,5.989583333333333,2022-01-12 00:00:00
12,Okemo,11.2025,3.5291666666666663,2022-01-12 00:00:00
0,Hunter,30.988750000000007,2.3783333333333334,2022-01-13 00:00:00
1,Jack Frost,31.87916666666666,1.9416666666666664,2022-01-13 00:00:00
2,Big Boulder,28.81625,3.733333333333333,2022-01-13 00:00:00
3,Windham,31.617499999999996,2.555833333333333,2022-01-13 00:00:00
4,Mountain Creek,32.20166666666666,0.21875,2022-01-13 00:00:00
5,Roundtop,31.87875,1.5895833333333333,2022-01-13 00:00:00
6,Mt Snow,25.661249999999995,3.667916666666667,2022-01-13 00:00:00
7,Mohawk,29.68291666666667,1.426666666666667,2022-01-13 00:00:00
8,Killington,28.95958333333333,3.0025,2022-01-13 00:00:00
9,Stowe,26.332083333333333,0.9579166666666667,2022-01-13 00:00:00
10,Stratton,25.661249999999995,3.667916666666667,2022-01-13 00:00:00
11,Sugarbush,28.2325,3.182083333333333,2022-01-13 00:00:00
12,Okemo,28.596666666666664,1.579583333333333,2022-01-13 00:00:00
0,Hunter,28.450000000000003,6.894583333333333,2022-01-14 00:00:00
1,Jack Frost,30.82041666666666,9.934583333333334,2022-01-14 00:00:00
2,Big Boulder,28.532083333333336,4.674166666666666,2022-01-14 00:00:00
3,Windham,28.48333333333333,3.9824999999999995,2022-01-14 00:00:00
4,Mountain Creek,33.14875,2.675416666666667,2022-01-14 00:00:00
5,Roundtop,35.56208333333334,7.9020833333333345,2022-01-14 00:00:00
6,Mt Snow,23.337500000000002,4.455,2022-01-14 00:00:00
7,Mohawk,30.98541666666667,3.917083333333333,2022-01-14 00:00:00
8,Killington,26.317499999999995,4.1866666666666665,2022-01-14 00:00:00
9,Stowe,22.89791666666667,8.630416666666667,2022-01-14 00:00:00
10,Stratton,23.337500000000002,4.455,2022-01-14 00:00:00
11,Sugarbush,24.704166666666666,5.151666666666667,2022-01-14 00:00:00
12,Okemo,27.06,3.5429166666666667,2022-01-14 00:00:00
0,Hunter,7.432083333333332,9.27041666666667,2022-01-15 00:00:00
1,Jack Frost,9.892916666666666,14.16625,2022-01-15 00:00:00
2,Big Boulder,8.442916666666667,5.011666666666667,2022-01-15 00:00:00
3,Windham,5.8516666666666675,5.960833333333333,2022-01-15 00:00:00
4,Mountain Creek,14.471249999999998,3.5595833333333324,2022-01-15 00:00:00
5,Roundtop,18.67541666666666,10.68875,2022-01-15 00:00:00
6,Mt Snow,-3.083749999999999,7.486666666666668,2022-01-15 00:00:00
7,Mohawk,7.761249999999998,4.332916666666667,2022-01-15 00:00:00
8,Killington,-2.2295833333333333,2.88625,2022-01-15 00:00:00
9,Stowe,-6.9375,13.185833333333337,2022-01-15 00:00:00
10,Stratton,-3.083749999999999,7.486666666666668,2022-01-15 00:00:00
11,Sugarbush,-4.73,6.549583333333334,2022-01-15 00:00:00
12,Okemo,1.3275000000000003,6.584166666666665,2022-01-15 00:00:00
0,Hunter,8.084583333333333,3.2795833333333335,2022-01-16 00:00:00
1,Jack Frost,9.819583333333334,5.050000000000001,2022-01-16 00:00:00
2,Big Boulder,7.65125,4.5200000000000005,2022-01-16 00:00:00
3,Windham,7.745416666666666,4.972916666666666,2022-01-16 00:00:00
4,Mountain Creek,11.768333333333333,2.5849999999999995,2022-01-16 00:00:00
5,Roundtop,13.527083333333335,4.694166666666666,2022-01-16 00:00:00
6,Mt Snow,2.039583333333333,3.1087499999999992,2022-01-16 00:00:00
7,Mohawk,8.267916666666666,2.5516666666666667,2022-01-16 00:00:00
8,Killington,2.4316666666666658,3.4904166666666665,2022-01-16 00:00:00
9,Stowe,-2.569583333333332,2.3954166666666663,2022-01-16 00:00:00
10,Stratton,2.039583333333333,3.1087499999999992,2022-01-16 00:00:00
11,Sugarbush,1.5170833333333331,2.594583333333333,2022-01-16 00:00:00
12,Okemo,3.8837500000000005,1.0450000000000002,2022-01-16 00:00:00
0,Hunter,30.28833333333333,6.392916666666667,2022-01-17 00:00:00
1,Jack Frost,30.43875,15.430416666666664,2022-01-17 00:00:00
2,Big Boulder,27.654166666666665,2.7604166666666665,2022-01-17 00:00:00
3,Windham,30.59833333333333,4.942916666666666,2022-01-17 00:00:00
4,Mountain Creek,32.89708333333333,3.0408333333333335,2022-01-17 00:00:00
5,Roundtop,31.912916666666664,15.30625,2022-01-17 00:00:00
6,Mt Snow,23.055000000000003,11.414999999999997,2022-01-17 00:00:00
7,Mohawk,29.73458333333333,5.539583333333333,2022-01-17 00:00:00
8,Killington,25.459999999999997,5.81625,2022-01-17 00:00:00
9,Stowe,24.031666666666663,4.8062499999999995,2022-01-17 00:00:00
10,Stratton,23.055000000000003,11.414999999999997,2022-01-17 00:00:00
11,Sugarbush,24.297083333333333,7.00875,2022-01-17 00:00:00
12,Okemo,26.165833333333335,1.5429166666666667,2022-01-17 00:00:00
0,Hunter,26.603333333333335,9.345833333333333,2022-01-18 00:00:00
1,Jack Frost,27.29291666666666,13.435416666666667,2022-01-18 00:00:00
2,Big Boulder,25.013333333333332,4.250416666666666,2022-01-18 00:00:00
3,Windham,25.657083333333333,4.639583333333333,2022-01-18 00:00:00
4,Mountain Creek,30.135,5.153750000000001,2022-01-18 00:00:00
5,Roundtop,31.998750000000005,15.58041666666667,2022-01-18 00:00:00
6,Mt Snow,17.13583333333333,15.366666666666665,2022-01-18 00:00:00
7,Mohawk,26.234999999999996,4.2975,2022-01-18 00:00:00
8,Killington,20.27249999999999,5.870833333333334,2022-01-18 00:00:00
9,Stowe,15.499583333333334,9.207500000000001,2022-01-18 00:00:00
10,Stratton,17.13583333333333,15.366666666666665,2022-01-18 00:00:00
11,Sugarbush,17.283749999999994,7.7441666666666675,2022-01-18 00:00:00
12,Okemo,22.09041666666667,5.415,2022-01-18 00:00:00
0,Hunter,24.391666666666666,6.844583333333335,2022-01-19 00:00:00
1,Jack Frost,27.604583333333334,6.985416666666668,2022-01-19 00:00:00
2,Big Boulder,25.205416666666665,4.550416666666666,2022-01-19 00:00:00
3,Windham,24.429583333333337,4.64375,2022-01-19 00:00:00
4,Mountain Creek,29.29375,2.7445833333333334,2022-01-19 00:00:00
5,Roundtop,30.76041666666667,4.295416666666667,2022-01-19 00:00:00
6,Mt Snow,14.625,7.675833333333332,2022-01-19 00:00:00
7,Mohawk,24.340833333333336,2.429583333333333,2022-01-19 00:00:00
8,Killington,14.384166666666665,7.3116666666666665,2022-01-19 00:00:00
9,Stowe,9.991666666666665,4.771249999999999,2022-01-19 00:00:00
10,Stratton,14.625,7.675833333333332,2022-01-19 00:00:00
11,Sugarbush,11.352916666666665,4.7725,2022-01-19 00:00:00
12,Okemo,15.965833333333336,2.3529166666666668,2022-01-19 00:00:00
0,Hunter,31.065833333333334,5.8875,2022-01-20 00:00:00
1,Jack Frost,29.859166666666667,10.145000000000001,2022-01-20 00:00:00
2,Big Boulder,27.750000000000004,6.762916666666665,2022-01-20 00:00:00
3,Windham,30.480000000000008,4.241249999999999,2022-01-20 00:00:00
4,Mountain Creek,33.787499999999994,3.1779166666666665,2022-01-20 00:00:00
5,Roundtop,33.376250000000006,6.697083333333333,2022-01-20 00:00:00
6,Mt Snow,24.76958333333334,9.334166666666667,2022-01-20 00:00:00
7,Mohawk,30.81833333333333,2.6250000000000004,2022-01-20 00:00:00
8,Killington,25.28166666666667,5.409166666666667,2022-01-20 00:00:00
9,Stowe,18.661666666666665,10.051250000000001,2022-01-20 00:00:00
10,Stratton,24.76958333333334,9.334166666666667,2022-01-20 00:00:00
11,Sugarbush,21.028333333333332,6.015000000000001,2022-01-20 00:00:00
12,Okemo,28.942499999999992,5.224166666666666,2022-01-20 00:00:00
0,Hunter,9.695000000000002,6.608749999999998,2022-01-21 00:00:00
1,Jack Frost,12.171666666666667,9.278749999999999,2022-01-21 00:00:00
2,Big Boulder,10.444166666666666,5.0975,2022-01-21 00:00:00
3,Windham,8.830416666666666,4.611666666666666,2022-01-21 00:00:00
4,Mountain Creek,14.844166666666668,2.07375,2022-01-21 00:00:00
5,Roundtop,17.208333333333332,8.300833333333332,2022-01-21 00:00:00
6,Mt Snow,1.5633333333333332,3.890833333333333,2022-01-21 00:00:00
7,Mohawk,11.12625,3.2916666666666665,2022-01-21 00:00:00
8,Killington,0.46541666666666653,3.3170833333333327,2022-01-21 00:00:00
9,Stowe,-3.910833333333333,2.5404166666666663,2022-01-21 00:00:00
10,Stratton,1.5633333333333332,3.890833333333333,2022-01-21 00:00:00
11,Sugarbush,-1.854583333333334,3.1174999999999997,2022-01-21 00:00:00
12,Okemo,5.004583333333334,2.079166666666667,2022-01-21 00:00:00
0,Hunter,8.101666666666667,3.224583333333333,2022-01-22 00:00:00
1,Jack Frost,10.853333333333333,3.015,2022-01-22 00:00:00
2,Big Boulder,9.454166666666667,3.6883333333333326,2022-01-22 00:00:00
3,Windham,8.488333333333332,3.3229166666666665,2022-01-22 00:00:00
4,Mountain Creek,14.135833333333332,1.8991666666666667,2022-01-22 00:00:00
5,Roundtop,16.192083333333333,2.4924999999999997,2022-01-22 00:00:00
6,Mt Snow,1.409166666666667,2.0266666666666664,2022-01-22 00:00:00
7,Mohawk,11.292916666666665,1.5483333333333331,2022-01-22 00:00:00
8,Killington,-0.14625000000000066,4.142499999999999,2022-01-22 00:00:00
9,Stowe,-2.7329166666666667,1.5987500000000001,2022-01-22 00:00:00
10,Stratton,1.409166666666667,2.0266666666666664,2022-01-22 00:00:00
11,Sugarbush,-1.3004166666666652,2.57125,2022-01-22 00:00:00
12,Okemo,3.0483333333333333,1.0587500000000003,2022-01-22 00:00:00
0,Hunter,19.57041666666667,3.1612499999999994,2022-01-23 00:00:00
1,Jack Frost,19.92083333333333,6.22375,2022-01-23 00:00:00
2,Big Boulder,17.507500000000004,5.770416666666666,2022-01-23 00:00:00
3,Windham,20.454583333333336,2.529583333333333,2022-01-23 00:00:00
4,Mountain Creek,22.452916666666667,2.1937499999999996,2022-01-23 00:00:00
5,Roundtop,23.771249999999995,2.2229166666666664,2022-01-23 00:00:00
6,Mt Snow,13.18,5.2995833333333335,2022-01-23 00:00:00
7,Mohawk,19.591666666666672,2.099583333333333,2022-01-23 00:00:00
8,Killington,16.63083333333333,4.601249999999999,2022-01-23 00:00:00
9,Stowe,16.525833333333328,5.600416666666665,2022-01-23 00:00:00
10,Stratton,13.18,5.2995833333333335,2022-01-23 00:00:00
11,Sugarbush,17.993333333333332,5.0633333333333335,2022-01-23 00:00:00
12,Okemo,15.946250000000004,1.5762500000000002,2022-01-23 00:00:00
0,Hunter,21.87125,3.2554166666666666,2022-01-24 00:00:00
1,Jack Frost,21.351666666666663,4.7525,2022-01-24 00:00:00
2,Big Boulder,19.177500000000002,4.56375,2022-01-24 00:00:00
3,Windham,21.551666666666666,3.5554166666666656,2022-01-24 00:00:00
4,Mountain Creek,25.62625,1.464166666666667,2022-01-24 00:00:00
5,Roundtop,28.161666666666665,4.552083333333333,2022-01-24 00:00:00
6,Mt Snow,13.64,3.028333333333334,2022-01-24 00:00:00
7,Mohawk,22.390416666666667,1.9500000000000002,2022-01-24 00:00:00
8,Killington,14.235833333333337,2.8470833333333343,2022-01-24 00:00:00
9,Stowe,5.960833333333333,3.4979166666666663,2022-01-24 00:00:00
10,Stratton,13.64,3.028333333333334,2022-01-24 00:00:00
11,Sugarbush,8.638750000000002,2.0612500000000007,2022-01-24 00:00:00
12,Okemo,16.395,0.7283333333333332,2022-01-24 00:00:00
0,Hunter,26.90291666666667,4.8875,2022-01-25 00:00:00
1,Jack Frost,27.79166666666667,6.686666666666667,2022-01-25 00:00:00
2,Big Boulder,25.698750000000004,4.409166666666667,2022-01-25 00:00:00
3,Windham,27.442500000000006,4.31375,2022-01-25 00:00:00
4,Mountain Creek,31.257083333333338,1.9066666666666663,2022-01-25 00:00:00
5,Roundtop,32.198750000000004,4.217083333333333,2022-01-25 00:00:00
6,Mt Snow,20.44875,7.392499999999999,2022-01-25 00:00:00
7,Mohawk,27.8175,3.079166666666667,2022-01-25 00:00:00
8,Killington,21.821249999999996,1.4745833333333334,2022-01-25 00:00:00
9,Stowe,17.986666666666665,1.9179166666666667,2022-01-25 00:00:00
10,Stratton,20.44875,7.392499999999999,2022-01-25 00:00:00
11,Sugarbush,19.25666666666667,3.95375,2022-01-25 00:00:00
12,Okemo,24.29166666666667,2.3733333333333335,2022-01-25 00:00:00
0,Hunter,16.859583333333333,5.286666666666666,2022-01-26 00:00:00
1,Jack Frost,16.60541666666667,5.806666666666666,2022-01-26 00:00:00
2,Big Boulder,14.853333333333332,3.254166666666666,2022-01-26 00:00:00
3,Windham,16.977083333333336,4.6554166666666665,2022-01-26 00:00:00
4,Mountain Creek,20.98,1.9974999999999998,2022-01-26 00:00:00
5,Roundtop,21.29125,6.665833333333333,2022-01-26 00:00:00
6,Mt Snow,8.852916666666667,6.837083333333332,2022-01-26 00:00:00
7,Mohawk,17.270416666666666,2.858333333333333,2022-01-26 00:00:00
8,Killington,9.934583333333334,4.448333333333332,2022-01-26 00:00:00
9,Stowe,4.573749999999999,9.830833333333334,2022-01-26 00:00:00
10,Stratton,8.852916666666667,6.837083333333332,2022-01-26 00:00:00
11,Sugarbush,6.045416666666667,3.987083333333333,2022-01-26 00:00:00
12,Okemo,13.220416666666665,2.7466666666666666,2022-01-26 00:00:00
0,Hunter,11.592083333333333,4.672083333333334,2022-01-27 00:00:00
1,Jack Frost,13.425833333333335,4.173749999999999,2022-01-27 00:00:00
2,Big Boulder,11.6325,2.7379166666666666,2022-01-27 00:00:00
3,Windham,11.595833333333333,3.5691666666666673,2022-01-27 00:00:00
4,Mountain Creek,16.449583333333333,1.2187500000000002,2022-01-27 00:00:00
5,Roundtop,18.805000000000003,4.024166666666667,2022-01-27 00:00:00
6,Mt Snow,2.492916666666667,3.963333333333333,2022-01-27 00:00:00
7,Mohawk,11.890416666666667,2.296666666666667,2022-01-27 00:00:00
8,Killington,2.692083333333333,4.041666666666667,2022-01-27 00:00:00
9,Stowe,-0.6212499999999994,2.572916666666666,2022-01-27 00:00:00
10,Stratton,2.492916666666667,3.963333333333333,2022-01-27 00:00:00
11,Sugarbush,1.1062499999999995,4.284583333333334,2022-01-27 00:00:00
12,Okemo,4.578333333333333,1.375416666666667,2022-01-27 00:00:00
0,Hunter,24.776666666666674,3.2870833333333334,2022-01-28 00:00:00
1,Jack Frost,24.7975,3.6275,2022-01-28 00:00:00
2,Big Boulder,22.38291666666667,5.005833333333334,2022-01-28 00:00:00
3,Windham,25.842916666666667,2.68,2022-01-28 00:00:00
4,Mountain Creek,26.964583333333334,1.7754166666666666,2022-01-28 00:00:00
5,Roundtop,28.084166666666665,2.297083333333333,2022-01-28 00:00:00
6,Mt Snow,17.660416666666666,4.331666666666667,2022-01-28 00:00:00
7,Mohawk,23.038333333333338,2.4712499999999995,2022-01-28 00:00:00
8,Killington,20.027916666666666,3.291250000000001,2022-01-28 00:00:00
9,Stowe,18.182916666666667,5.571249999999999,2022-01-28 00:00:00
10,Stratton,17.660416666666666,4.331666666666667,2022-01-28 00:00:00
11,Sugarbush,19.67625,4.826666666666667,2022-01-28 00:00:00
12,Okemo,20.74541666666667,1.4762500000000003,2022-01-28 00:00:00
0,Hunter,13.430833333333332,10.7425,2022-01-29 00:00:00
1,Jack Frost,14.819583333333334,12.892083333333334,2022-01-29 00:00:00
2,Big Boulder,13.560833333333335,3.1908333333333334,2022-01-29 00:00:00
3,Windham,11.633333333333335,6.864166666666666,2022-01-29 00:00:00
4,Mountain Creek,19.305833333333332,2.6683333333333334,2022-01-29 00:00:00
5,Roundtop,20.952499999999997,12.441666666666665,2022-01-29 00:00:00
6,Mt Snow,6.224583333333334,6.956666666666667,2022-01-29 00:00:00
7,Mohawk,16.618333333333336,5.430000000000001,2022-01-29 00:00:00
8,Killington,3.7154166666666666,2.253333333333333,2022-01-29 00:00:00
9,Stowe,0.1591666666666666,7.192916666666665,2022-01-29 00:00:00
10,Stratton,6.224583333333334,6.956666666666667,2022-01-29 00:00:00
11,Sugarbush,1.8341666666666665,6.09375,2022-01-29 00:00:00
12,Okemo,11.03125,5.569583333333334,2022-01-29 00:00:00
0,Hunter,10.9525,7.162083333333335,2022-01-30 00:00:00
1,Jack Frost,10.227916666666667,9.760833333333336,2022-01-30 00:00:00
2,Big Boulder,8.251666666666665,5.184583333333332,2022-01-30 00:00:00
3,Windham,10.390833333333333,3.1829166666666673,2022-01-30 00:00:00
4,Mountain Creek,13.513333333333334,3.499583333333332,2022-01-30 00:00:00
5,Roundtop,17.610833333333332,8.186250000000003,2022-01-30 00:00:00
6,Mt Snow,3.3029166666666665,9.666249999999998,2022-01-30 00:00:00
7,Mohawk,9.610833333333336,4.076250000000001,2022-01-30 00:00:00
8,Killington,5.9575000000000005,2.0270833333333336,2022-01-30 00:00:00
9,Stowe,5.073333333333333,7.095416666666668,2022-01-30 00:00:00
10,Stratton,3.3029166666666665,9.666249999999998,2022-01-30 00:00:00
11,Sugarbush,5.787916666666665,5.270833333333333,2022-01-30 00:00:00
12,Okemo,8.744166666666667,5.898333333333334,2022-01-30 00:00:00
0,Hunter,11.970833333333333,2.5095833333333335,2022-01-31 00:00:00
1,Jack Frost,15.403750000000002,1.9616666666666667,2022-01-31 00:00:00
2,Big Boulder,13.013750000000002,2.2720833333333337,2022-01-31 00:00:00
3,Windham,12.373333333333337,3.184583333333334,2022-01-31 00:00:00
4,Mountain Creek,16.49375,0.4166666666666666,2022-01-31 00:00:00
5,Roundtop,23.131666666666664,3.0804166666666664,2022-01-31 00:00:00
6,Mt Snow,6.147916666666667,3.2670833333333333,2022-01-31 00:00:00
7,Mohawk,11.361666666666666,1.854583333333334,2022-01-31 00:00:00
8,Killington,9.543750000000001,3.1870833333333333,2022-01-31 00:00:00
9,Stowe,9.011249999999999,1.1216666666666668,2022-01-31 00:00:00
10,Stratton,6.147916666666667,3.2670833333333333,2022-01-31 00:00:00
11,Sugarbush,9.831249999999999,2.8937500000000007,2022-01-31 00:00:00
12,Okemo,8.89625,0.7941666666666668,2022-01-31 00:00:00
0,Hunter,17.11875,3.551666666666667,2022-02-01 00:00:00
1,Jack Frost,19.35916666666667,4.788333333333333,2022-02-01 00:00:00
2,Big Boulder,16.5025,4.006666666666666,2022-02-01 00:00:00
3,Windham,17.958333333333336,3.31875,2022-02-01 00:00:00
4,Mountain Creek,19.741666666666664,1.6220833333333333,2022-02-01 00:00:00
5,Roundtop,25.30583333333334,3.6962499999999996,2022-02-01 00:00:00
6,Mt Snow,11.800833333333332,3.1099999999999994,2022-02-01 00:00:00
7,Mohawk,16.447916666666668,2.8045833333333348,2022-02-01 00:00:00
8,Killington,16.121250000000003,4.81125,2022-02-01 00:00:00
9,Stowe,14.652916666666664,5.236249999999999,2022-02-01 00:00:00
10,Stratton,11.800833333333332,3.1099999999999994,2022-02-01 00:00:00
11,Sugarbush,15.141250000000001,2.651666666666667,2022-02-01 00:00:00
12,Okemo,15.532083333333333,0.8579166666666667,2022-02-01 00:00:00
0,Hunter,30.06625,5.900833333333334,2022-02-02 00:00:00
1,Jack Frost,29.53125000000001,6.026666666666668,2022-02-02 00:00:00
2,Big Boulder,25.727083333333336,4.4399999999999995,2022-02-02 00:00:00
3,Windham,32.12583333333333,4.310833333333333,2022-02-02 00:00:00
4,Mountain Creek,29.87625,1.655,2022-02-02 00:00:00
5,Roundtop,32.26291666666667,4.413749999999999,2022-02-02 00:00:00
6,Mt Snow,27.226249999999997,5.62375,2022-02-02 00:00:00
7,Mohawk,30.65291666666668,2.09625,2022-02-02 00:00:00
8,Killington,30.16083333333333,6.658749999999999,2022-02-02 00:00:00
9,Stowe,32.05583333333333,7.833750000000001,2022-02-02 00:00:00
10,Stratton,27.226249999999997,5.62375,2022-02-02 00:00:00
11,Sugarbush,32.16708333333333,5.807916666666667,2022-02-02 00:00:00
12,Okemo,31.54875000000001,2.186666666666667,2022-02-02 00:00:00
0,Hunter,37.72624999999999,3.9195833333333336,2022-02-03 00:00:00
1,Jack Frost,37.504583333333336,4.312916666666667,2022-02-03 00:00:00
2,Big Boulder,34.677083333333336,6.03125,2022-02-03 00:00:00
3,Windham,38.9975,2.3520833333333337,2022-02-03 00:00:00
4,Mountain Creek,38.56250000000001,0.44333333333333336,2022-02-03 00:00:00
5,Roundtop,38.824583333333344,2.3954166666666663,2022-02-03 00:00:00
6,Mt Snow,33.85708333333334,4.40375,2022-02-03 00:00:00
7,Mohawk,36.56624999999999,3.534999999999999,2022-02-03 00:00:00
8,Killington,35.76583333333333,3.084583333333333,2022-02-03 00:00:00
9,Stowe,35.04750000000001,4.652916666666666,2022-02-03 00:00:00
10,Stratton,33.85708333333334,4.40375,2022-02-03 00:00:00
11,Sugarbush,35.90208333333334,4.886666666666668,2022-02-03 00:00:00
12,Okemo,37.60541666666666,1.5412499999999996,2022-02-03 00:00:00
0,Hunter,25.484166666666667,7.470416666666666,2022-02-04 00:00:00
1,Jack Frost,31.35541666666667,6.3,2022-02-04 00:00:00
2,Big Boulder,31.006249999999998,4.5095833333333335,2022-02-04 00:00:00
3,Windham,24.0175,5.132083333333333,2022-02-04 00:00:00
4,Mountain Creek,35.46916666666666,1.7420833333333334,2022-02-04 00:00:00
5,Roundtop,36.52166666666667,7.144166666666668,2022-02-04 00:00:00
6,Mt Snow,20.718333333333334,3.931666666666666,2022-02-04 00:00:00
7,Mohawk,33.57541666666667,2.4391666666666665,2022-02-04 00:00:00
8,Killington,16.654999999999998,3.405,2022-02-04 00:00:00
9,Stowe,15.134583333333332,8.1075,2022-02-04 00:00:00
10,Stratton,20.718333333333334,3.931666666666666,2022-02-04 00:00:00
11,Sugarbush,15.893333333333338,5.453333333333333,2022-02-04 00:00:00
12,Okemo,25.05666666666666,5.277083333333333,2022-02-04 00:00:00
0,Hunter,16.249166666666664,6.132916666666667,2022-02-05 00:00:00
1,Jack Frost,17.757083333333334,11.220416666666667,2022-02-05 00:00:00
2,Big Boulder,16.05458333333333,4.389583333333334,2022-02-05 00:00:00
3,Windham,15.766666666666666,3.097083333333334,2022-02-05 00:00:00
4,Mountain Creek,21.855416666666667,3.83375,2022-02-05 00:00:00
5,Roundtop,25.487916666666667,11.162500000000001,2022-02-05 00:00:00
6,Mt Snow,9.292916666666665,6.883749999999999,2022-02-05 00:00:00
7,Mohawk,18.12333333333333,3.5404166666666668,2022-02-05 00:00:00
8,Killington,10.778333333333334,2.889583333333334,2022-02-05 00:00:00
9,Stowe,8.585833333333335,7.216666666666666,2022-02-05 00:00:00
10,Stratton,9.292916666666665,6.883749999999999,2022-02-05 00:00:00
11,Sugarbush,9.397083333333333,4.583333333333334,2022-02-05 00:00:00
12,Okemo,14.07,7.049583333333334,2022-02-05 00:00:00
0,Hunter,12.527083333333335,4.372916666666668,2022-02-06 00:00:00
1,Jack Frost,15.068749999999996,5.029166666666668,2022-02-06 00:00:00
2,Big Boulder,13.30625,3.100416666666666,2022-02-06 00:00:00
3,Windham,12.731666666666667,3.3008333333333333,2022-02-06 00:00:00
4,Mountain Creek,17.83666666666667,1.7475000000000003,2022-02-06 00:00:00
5,Roundtop,21.924166666666665,4.650833333333333,2022-02-06 00:00:00
6,Mt Snow,4.632499999999999,3.7654166666666664,2022-02-06 00:00:00
7,Mohawk,13.42708333333333,2.2937500000000006,2022-02-06 00:00:00
8,Killington,5.444166666666668,3.035416666666667,2022-02-06 00:00:00
9,Stowe,2.435,3.303333333333333,2022-02-06 00:00:00
10,Stratton,4.632499999999999,3.7654166666666664,2022-02-06 00:00:00
11,Sugarbush,3.709166666666667,2.173333333333334,2022-02-06 00:00:00
12,Okemo,7.040833333333333,1.958333333333333,2022-02-06 00:00:00
0,Hunter,22.682499999999994,3.191666666666667,2022-02-07 00:00:00
1,Jack Frost,26.028333333333332,3.8766666666666656,2022-02-07 00:00:00
2,Big Boulder,23.645416666666666,2.806666666666667,2022-02-07 00:00:00
3,Windham,23.125416666666666,3.400833333333333,2022-02-07 00:00:00
4,Mountain Creek,27.346666666666668,1.7641666666666664,2022-02-07 00:00:00
5,Roundtop,29.603750000000005,2.795,2022-02-07 00:00:00
6,Mt Snow,16.979166666666668,3.700833333333333,2022-02-07 00:00:00
7,Mohawk,22.979583333333334,1.63,2022-02-07 00:00:00
8,Killington,19.47,4.587083333333333,2022-02-07 00:00:00
9,Stowe,20.327916666666667,2.58,2022-02-07 00:00:00
10,Stratton,16.979166666666668,3.700833333333333,2022-02-07 00:00:00
11,Sugarbush,21.38666666666667,4.767916666666667,2022-02-07 00:00:00
12,Okemo,17.629583333333333,0.6170833333333333,2022-02-07 00:00:00
0,Hunter,32.3325,4.036666666666666,2022-02-08 00:00:00
1,Jack Frost,29.959166666666665,5.994166666666666,2022-02-08 00:00:00
2,Big Boulder,28.066666666666663,5.074166666666667,2022-02-08 00:00:00
3,Windham,33.14625,3.4616666666666664,2022-02-08 00:00:00
4,Mountain Creek,34.00875000000001,1.7758333333333332,2022-02-08 00:00:00
5,Roundtop,32.02291666666667,7.402500000000001,2022-02-08 00:00:00
6,Mt Snow,28.37458333333333,4.484999999999999,2022-02-08 00:00:00
7,Mohawk,32.883333333333326,2.4983333333333335,2022-02-08 00:00:00
8,Killington,31.812083333333334,2.1937499999999996,2022-02-08 00:00:00
9,Stowe,29.849999999999998,3.4408333333333334,2022-02-08 00:00:00
10,Stratton,28.37458333333333,4.484999999999999,2022-02-08 00:00:00
11,Sugarbush,31.003333333333327,2.9787500000000002,2022-02-08 00:00:00
12,Okemo,32.38791666666667,1.2091666666666667,2022-02-08 00:00:00
0,Hunter,28.91625,4.535416666666666,2022-02-09 00:00:00
1,Jack Frost,29.197916666666668,5.255,2022-02-09 00:00:00
2,Big Boulder,27.04125,5.432500000000001,2022-02-09 00:00:00
3,Windham,29.541249999999994,3.8229166666666674,2022-02-09 00:00:00
4,Mountain Creek,31.922500000000003,1.8049999999999997,2022-02-09 00:00:00
5,Roundtop,33.307916666666664,4.772083333333333,2022-02-09 00:00:00
6,Mt Snow,24.793333333333333,6.495416666666666,2022-02-09 00:00:00
7,Mohawk,29.609583333333333,1.7412500000000002,2022-02-09 00:00:00
8,Killington,27.682083333333335,4.949166666666668,2022-02-09 00:00:00
9,Stowe,27.743333333333336,3.5954166666666665,2022-02-09 00:00:00
10,Stratton,24.793333333333333,6.495416666666666,2022-02-09 00:00:00
11,Sugarbush,26.83916666666667,4.114166666666667,2022-02-09 00:00:00
12,Okemo,29.445416666666663,3.591666666666667,2022-02-09 00:00:00
0,Hunter,34.821666666666665,6.117916666666666,2022-02-10 00:00:00
1,Jack Frost,36.69708333333333,7.585833333333331,2022-02-10 00:00:00
2,Big Boulder,34.04,3.6558333333333333,2022-02-10 00:00:00
3,Windham,36.23041666666666,3.205833333333334,2022-02-10 00:00:00
4,Mountain Creek,37.63958333333334,2.5870833333333336,2022-02-10 00:00:00
5,Roundtop,40.75416666666667,6.439583333333332,2022-02-10 00:00:00
6,Mt Snow,29.06375,6.875416666666666,2022-02-10 00:00:00
7,Mohawk,34.29791666666666,2.9120833333333334,2022-02-10 00:00:00
8,Killington,31.86041666666667,3.139166666666666,2022-02-10 00:00:00
9,Stowe,34.837916666666665,2.77125,2022-02-10 00:00:00
10,Stratton,29.06375,6.875416666666666,2022-02-10 00:00:00
11,Sugarbush,34.450833333333335,5.942916666666665,2022-02-10 00:00:00
12,Okemo,32.02791666666666,3.19375,2022-02-10 00:00:00
0,Hunter,34.75374999999999,5.312500000000001,2022-02-11 00:00:00
1,Jack Frost,35.94916666666667,6.301666666666667,2022-02-11 00:00:00
2,Big Boulder,34.071250000000006,5.550833333333332,2022-02-11 00:00:00
3,Windham,35.96416666666667,2.8816666666666664,2022-02-11 00:00:00
4,Mountain Creek,39.09458333333333,2.351666666666666,2022-02-11 00:00:00
5,Roundtop,40.456666666666656,5.272083333333333,2022-02-11 00:00:00
6,Mt Snow,32.117916666666666,8.757500000000002,2022-02-11 00:00:00
7,Mohawk,36.632083333333334,3.0949999999999993,2022-02-11 00:00:00
8,Killington,37.43041666666666,6.094166666666666,2022-02-11 00:00:00
9,Stowe,35.804583333333326,5.414583333333333,2022-02-11 00:00:00
10,Stratton,32.117916666666666,8.757500000000002,2022-02-11 00:00:00
11,Sugarbush,36.04833333333334,5.966666666666666,2022-02-11 00:00:00
12,Okemo,35.73833333333334,4.343333333333334,2022-02-11 00:00:00
0,Hunter,42.61208333333333,6.244583333333334,2022-02-12 00:00:00
1,Jack Frost,43.28666666666667,8.870000000000001,2022-02-12 00:00:00
2,Big Boulder,41.371249999999996,4.470416666666668,2022-02-12 00:00:00
3,Windham,43.69375,2.7991666666666664,2022-02-12 00:00:00
4,Mountain Creek,46.723749999999995,3.42375,2022-02-12 00:00:00
5,Roundtop,47.74541666666667,8.383333333333333,2022-02-12 00:00:00
6,Mt Snow,38.441250000000004,12.98208333333333,2022-02-12 00:00:00
7,Mohawk,44.59125000000001,2.8375,2022-02-12 00:00:00
8,Killington,41.699999999999996,5.370833333333333,2022-02-12 00:00:00
9,Stowe,40.79875,8.767916666666666,2022-02-12 00:00:00
10,Stratton,38.441250000000004,12.98208333333333,2022-02-12 00:00:00
11,Sugarbush,41.39541666666666,10.702916666666667,2022-02-12 00:00:00
12,Okemo,41.98,6.217083333333332,2022-02-12 00:00:00
0,Hunter,26.15625,4.693333333333333,2022-02-13 00:00:00
1,Jack Frost,28.036666666666665,5.816666666666666,2022-02-13 00:00:00
2,Big Boulder,26.393333333333334,4.757916666666667,2022-02-13 00:00:00
3,Windham,26.170000000000005,3.0820833333333333,2022-02-13 00:00:00
4,Mountain Creek,31.759166666666673,1.9987500000000002,2022-02-13 00:00:00
5,Roundtop,32.132499999999986,7.562916666666666,2022-02-13 00:00:00
6,Mt Snow,19.796250000000004,5.312083333333333,2022-02-13 00:00:00
7,Mohawk,27.664999999999996,3.3662499999999995,2022-02-13 00:00:00
8,Killington,18.92458333333333,3.0829166666666663,2022-02-13 00:00:00
9,Stowe,11.877916666666666,9.4,2022-02-13 00:00:00
10,Stratton,19.796250000000004,5.312083333333333,2022-02-13 00:00:00
11,Sugarbush,14.277916666666668,4.691249999999999,2022-02-13 00:00:00
12,Okemo,24.77499999999999,4.260416666666665,2022-02-13 00:00:00
0,Hunter,15.471666666666666,8.161249999999999,2022-02-14 00:00:00
1,Jack Frost,14.8125,10.190833333333336,2022-02-14 00:00:00
2,Big Boulder,12.887083333333335,3.627916666666667,2022-02-14 00:00:00
3,Windham,15.06583333333333,3.3474999999999997,2022-02-14 00:00:00
4,Mountain Creek,18.360416666666662,2.914166666666666,2022-02-14 00:00:00
5,Roundtop,22.500416666666666,9.572916666666666,2022-02-14 00:00:00
6,Mt Snow,8.020000000000001,7.8862499999999995,2022-02-14 00:00:00
7,Mohawk,15.315000000000005,3.667083333333333,2022-02-14 00:00:00
8,Killington,7.975416666666668,1.9366666666666668,2022-02-14 00:00:00
9,Stowe,4.964583333333333,7.338333333333334,2022-02-14 00:00:00
10,Stratton,8.020000000000001,7.8862499999999995,2022-02-14 00:00:00
11,Sugarbush,6.1875,6.25125,2022-02-14 00:00:00
12,Okemo,12.967083333333337,4.229166666666667,2022-02-14 00:00:00
0,Hunter,15.634583333333333,4.552083333333333,2022-02-15 00:00:00
1,Jack Frost,15.35041666666667,5.534166666666668,2022-02-15 00:00:00
2,Big Boulder,12.970416666666667,5.219166666666667,2022-02-15 00:00:00
3,Windham,15.653750000000002,3.6212500000000003,2022-02-15 00:00:00
4,Mountain Creek,17.69,1.9420833333333334,2022-02-15 00:00:00
5,Roundtop,22.445416666666663,5.277916666666665,2022-02-15 00:00:00
6,Mt Snow,7.069583333333333,8.762083333333331,2022-02-15 00:00:00
7,Mohawk,13.33875,2.392083333333333,2022-02-15 00:00:00
8,Killington,8.3425,2.56125,2022-02-15 00:00:00
9,Stowe,6.449999999999999,3.9299999999999997,2022-02-15 00:00:00
10,Stratton,7.069583333333333,8.762083333333331,2022-02-15 00:00:00
11,Sugarbush,7.469166666666666,4.779583333333334,2022-02-15 00:00:00
12,Okemo,10.839166666666666,3.9812499999999997,2022-02-15 00:00:00
0,Hunter,24.56916666666667,7.891666666666666,2022-02-16 00:00:00
1,Jack Frost,26.78333333333333,8.664583333333335,2022-02-16 00:00:00
2,Big Boulder,23.933333333333337,4.2975,2022-02-16 00:00:00
3,Windham,25.323333333333334,4.347916666666667,2022-02-16 00:00:00
4,Mountain Creek,26.98166666666667,1.8295833333333336,2022-02-16 00:00:00
5,Roundtop,31.928749999999994,7.461250000000001,2022-02-16 00:00:00
6,Mt Snow,17.147499999999997,6.959166666666667,2022-02-16 00:00:00
7,Mohawk,22.842499999999998,2.127083333333333,2022-02-16 00:00:00
8,Killington,19.300416666666663,5.9750000000000005,2022-02-16 00:00:00
9,Stowe,14.859583333333335,6.133333333333334,2022-02-16 00:00:00
10,Stratton,17.147499999999997,6.959166666666667,2022-02-16 00:00:00
11,Sugarbush,16.395000000000003,6.677499999999998,2022-02-16 00:00:00
12,Okemo,19.316666666666666,2.0187500000000003,2022-02-16 00:00:00
0,Hunter,44.309999999999995,10.072916666666666,2022-02-17 00:00:00
1,Jack Frost,44.77458333333334,11.671666666666665,2022-02-17 00:00:00
2,Big Boulder,41.922083333333326,4.660833333333334,2022-02-17 00:00:00
3,Windham,45.91208333333333,7.469583333333335,2022-02-17 00:00:00
4,Mountain Creek,47.58541666666667,3.4083333333333337,2022-02-17 00:00:00
5,Roundtop,49.55666666666667,10.362916666666669,2022-02-17 00:00:00
6,Mt Snow,40.434583333333336,12.970833333333333,2022-02-17 00:00:00
7,Mohawk,44.83041666666666,2.8341666666666665,2022-02-17 00:00:00
8,Killington,44.295416666666675,3.8316666666666657,2022-02-17 00:00:00
9,Stowe,43.650000000000006,8.046666666666667,2022-02-17 00:00:00
10,Stratton,40.434583333333336,12.970833333333333,2022-02-17 00:00:00
11,Sugarbush,44.12,6.146249999999999,2022-02-17 00:00:00
12,Okemo,43.59666666666667,3.001666666666667,2022-02-17 00:00:00
0,Hunter,43.027499999999996,13.39625,2022-02-18 00:00:00
1,Jack Frost,42.74291666666667,17.6725,2022-02-18 00:00:00
2,Big Boulder,40.91791666666666,2.792916666666667,2022-02-18 00:00:00
3,Windham,41.5725,6.590833333333333,2022-02-18 00:00:00
4,Mountain Creek,46.83291666666667,6.105416666666667,2022-02-18 00:00:00
5,Roundtop,46.57749999999999,16.886666666666667,2022-02-18 00:00:00
6,Mt Snow,35.39625,16.916666666666664,2022-02-18 00:00:00
7,Mohawk,43.65708333333333,4.459166666666667,2022-02-18 00:00:00
8,Killington,36.13791666666666,4.357083333333334,2022-02-18 00:00:00
9,Stowe,28.125,8.0725,2022-02-18 00:00:00
10,Stratton,35.39625,16.916666666666664,2022-02-18 00:00:00
11,Sugarbush,30.756250000000005,5.884583333333332,2022-02-18 00:00:00
12,Okemo,39.21916666666666,5.4558333333333335,2022-02-18 00:00:00
0,Hunter,22.46416666666667,8.302916666666665,2022-02-19 00:00:00
1,Jack Frost,24.258333333333336,10.811250000000001,2022-02-19 00:00:00
2,Big Boulder,22.024999999999995,5.581666666666667,2022-02-19 00:00:00
3,Windham,22.4575,5.685833333333332,2022-02-19 00:00:00
4,Mountain Creek,26.082500000000007,2.6870833333333333,2022-02-19 00:00:00
5,Roundtop,28.38625,9.427916666666667,2022-02-19 00:00:00
6,Mt Snow,15.279583333333335,9.802083333333334,2022-02-19 00:00:00
7,Mohawk,21.860833333333332,3.846666666666667,2022-02-19 00:00:00
8,Killington,18.012500000000003,3.7304166666666667,2022-02-19 00:00:00
9,Stowe,14.38375,5.22375,2022-02-19 00:00:00
10,Stratton,15.279583333333335,9.802083333333334,2022-02-19 00:00:00
11,Sugarbush,15.86208333333333,5.13,2022-02-19 00:00:00
12,Okemo,19.390416666666667,2.477083333333333,2022-02-19 00:00:00
0,Hunter,21.01958333333333,8.516666666666667,2022-02-20 00:00:00
1,Jack Frost,21.3625,10.509166666666667,2022-02-20 00:00:00
2,Big Boulder,18.957916666666666,3.9616666666666673,2022-02-20 00:00:00
3,Windham,20.6525,4.2683333333333335,2022-02-20 00:00:00
4,Mountain Creek,23.63416666666667,2.8112499999999994,2022-02-20 00:00:00
5,Roundtop,25.181249999999995,8.507083333333334,2022-02-20 00:00:00
6,Mt Snow,12.275,10.043333333333335,2022-02-20 00:00:00
7,Mohawk,19.58333333333333,2.647916666666666,2022-02-20 00:00:00
8,Killington,15.431249999999999,2.3608333333333333,2022-02-20 00:00:00
9,Stowe,12.551666666666664,8.39125,2022-02-20 00:00:00
10,Stratton,12.275,10.043333333333335,2022-02-20 00:00:00
11,Sugarbush,13.448333333333336,5.042916666666668,2022-02-20 00:00:00
12,Okemo,16.896666666666665,3.7804166666666656,2022-02-20 00:00:00
0,Hunter,35.45333333333334,6.124583333333334,2022-02-21 00:00:00
1,Jack Frost,35.97999999999999,5.605416666666666,2022-02-21 00:00:00
2,Big Boulder,32.89041666666666,4.170416666666666,2022-02-21 00:00:00
3,Windham,36.452916666666674,4.840416666666666,2022-02-21 00:00:00
4,Mountain Creek,36.515,2.0658333333333334,2022-02-21 00:00:00
5,Roundtop,38.0225,3.6837499999999994,2022-02-21 00:00:00
6,Mt Snow,29.303333333333338,5.766249999999999,2022-02-21 00:00:00
7,Mohawk,33.00541666666667,3.8837500000000005,2022-02-21 00:00:00
8,Killington,32.331666666666656,2.4125000000000005,2022-02-21 00:00:00
9,Stowe,34.602083333333326,5.3999999999999995,2022-02-21 00:00:00
10,Stratton,29.303333333333338,5.766249999999999,2022-02-21 00:00:00
11,Sugarbush,34.78875,6.378333333333335,2022-02-21 00:00:00
12,Okemo,32.70708333333334,2.27875,2022-02-21 00:00:00
0,Hunter,36.034166666666664,4.09,2022-02-22 00:00:00
1,Jack Frost,40.19083333333332,5.980416666666667,2022-02-22 00:00:00
2,Big Boulder,37.34541666666666,3.554583333333333,2022-02-22 00:00:00
3,Windham,37.13833333333333,3.616249999999999,2022-02-22 00:00:00
4,Mountain Creek,39.30458333333334,2.1304166666666666,2022-02-22 00:00:00
5,Roundtop,46.03416666666667,4.6575,2022-02-22 00:00:00
6,Mt Snow,30.071250000000006,3.5474999999999994,2022-02-22 00:00:00
7,Mohawk,35.306666666666665,3.035833333333333,2022-02-22 00:00:00
8,Killington,34.05291666666667,3.9383333333333326,2022-02-22 00:00:00
9,Stowe,33.702916666666674,5.129583333333333,2022-02-22 00:00:00
10,Stratton,30.071250000000006,3.5474999999999994,2022-02-22 00:00:00
11,Sugarbush,34.19375,3.1908333333333334,2022-02-22 00:00:00
12,Okemo,33.086666666666666,1.1758333333333333,2022-02-22 00:00:00
0,Hunter,51.50541666666667,8.684583333333334,2022-02-23 00:00:00
1,Jack Frost,54.036666666666655,13.240416666666667,2022-02-23 00:00:00
2,Big Boulder,51.8825,7.059166666666667,2022-02-23 00:00:00
3,Windham,50.594583333333325,4.6000000000000005,2022-02-23 00:00:00
4,Mountain Creek,57.55374999999999,5.516249999999999,2022-02-23 00:00:00
5,Roundtop,58.71875000000001,11.441666666666665,2022-02-23 00:00:00
6,Mt Snow,44.23708333333334,16.797083333333333,2022-02-23 00:00:00
7,Mohawk,52.25041666666666,5.1899999999999995,2022-02-23 00:00:00
8,Killington,47.706250000000004,9.086249999999998,2022-02-23 00:00:00
9,Stowe,42.25749999999999,8.098333333333333,2022-02-23 00:00:00
10,Stratton,44.23708333333334,16.797083333333333,2022-02-23 00:00:00
11,Sugarbush,44.322916666666664,9.589583333333335,2022-02-23 00:00:00
12,Okemo,48.11249999999999,8.25875,2022-02-23 00:00:00
0,Hunter,24.660416666666666,6.744999999999998,2022-02-24 00:00:00
1,Jack Frost,27.281249999999996,8.85125,2022-02-24 00:00:00
2,Big Boulder,25.41291666666666,2.7066666666666657,2022-02-24 00:00:00
3,Windham,23.82041666666667,3.8237500000000004,2022-02-24 00:00:00
4,Mountain Creek,30.170416666666668,3.789999999999999,2022-02-24 00:00:00
5,Roundtop,32.380833333333335,7.936666666666668,2022-02-24 00:00:00
6,Mt Snow,16.79125,6.68041666666667,2022-02-24 00:00:00
7,Mohawk,25.067500000000006,4.121250000000001,2022-02-24 00:00:00
8,Killington,18.05125,3.307083333333333,2022-02-24 00:00:00
9,Stowe,12.7275,8.313749999999999,2022-02-24 00:00:00
10,Stratton,16.79125,6.68041666666667,2022-02-24 00:00:00
11,Sugarbush,14.427083333333334,5.577083333333333,2022-02-24 00:00:00
12,Okemo,21.044583333333332,3.8520833333333333,2022-02-24 00:00:00
0,Hunter,25.405833333333337,4.416249999999999,2022-02-25 00:00:00
1,Jack Frost,29.707916666666666,10.618749999999999,2022-02-25 00:00:00
2,Big Boulder,27.052916666666672,6.289999999999999,2022-02-25 00:00:00
3,Windham,25.062083333333337,4.312916666666666,2022-02-25 00:00:00
4,Mountain Creek,29.774583333333336,2.47625,2022-02-25 00:00:00
5,Roundtop,33.799166666666665,9.856250000000001,2022-02-25 00:00:00
6,Mt Snow,15.855000000000002,4.847083333333334,2022-02-25 00:00:00
7,Mohawk,24.65833333333333,3.599166666666667,2022-02-25 00:00:00
8,Killington,17.662916666666668,2.7925,2022-02-25 00:00:00
9,Stowe,13.606250000000001,3.9579166666666663,2022-02-25 00:00:00
10,Stratton,15.855000000000002,4.847083333333334,2022-02-25 00:00:00
11,Sugarbush,15.078750000000001,3.217916666666666,2022-02-25 00:00:00
12,Okemo,19.215416666666666,1.4266666666666667,2022-02-25 00:00:00
0,Hunter,18.528333333333332,3.492916666666666,2022-02-26 00:00:00
1,Jack Frost,25.185416666666665,7.37875,2022-02-26 00:00:00
2,Big Boulder,22.916249999999994,6.851249999999999,2022-02-26 00:00:00
3,Windham,18.173333333333332,3.39875,2022-02-26 00:00:00
4,Mountain Creek,26.980000000000004,3.6616666666666666,2022-02-26 00:00:00
5,Roundtop,31.135416666666668,9.328750000000001,2022-02-26 00:00:00
6,Mt Snow,11.082083333333332,5.612499999999998,2022-02-26 00:00:00
7,Mohawk,19.316666666666666,3.292083333333333,2022-02-26 00:00:00
8,Killington,11.691249999999998,2.054583333333334,2022-02-26 00:00:00
9,Stowe,10.49875,3.696666666666666,2022-02-26 00:00:00
10,Stratton,11.082083333333332,5.612499999999998,2022-02-26 00:00:00
11,Sugarbush,10.859583333333335,3.5833333333333326,2022-02-26 00:00:00
12,Okemo,14.644583333333335,3.2375000000000003,2022-02-26 00:00:00
0,Hunter,24.32916666666667,5.9695833333333335,2022-02-27 00:00:00
1,Jack Frost,29.24291666666667,9.925416666666667,2022-02-27 00:00:00
2,Big Boulder,27.022500000000004,3.2045833333333325,2022-02-27 00:00:00
3,Windham,24.355416666666667,3.7716666666666665,2022-02-27 00:00:00
4,Mountain Creek,31.619583333333335,3.3749999999999996,2022-02-27 00:00:00
5,Roundtop,34.265833333333326,8.777916666666668,2022-02-27 00:00:00
6,Mt Snow,21.009166666666665,14.153750000000002,2022-02-27 00:00:00
7,Mohawk,26.07541666666667,5.13625,2022-02-27 00:00:00
8,Killington,25.325416666666666,4.338333333333334,2022-02-27 00:00:00
9,Stowe,22.991666666666664,7.629583333333333,2022-02-27 00:00:00
10,Stratton,21.009166666666665,14.153750000000002,2022-02-27 00:00:00
11,Sugarbush,23.869583333333335,7.485833333333333,2022-02-27 00:00:00
12,Okemo,25.76291666666667,3.9366666666666656,2022-02-27 00:00:00
0,Hunter,22.609583333333333,6.556250000000001,2022-02-28 00:00:00
1,Jack Frost,27.64208333333333,8.461666666666668,2022-02-28 00:00:00
2,Big Boulder,25.65416666666667,4.3500000000000005,2022-02-28 00:00:00
3,Windham,21.80875,4.139583333333333,2022-02-28 00:00:00
4,Mountain Creek,29.392500000000002,3.900416666666666,2022-02-28 00:00:00
5,Roundtop,35.500416666666666,8.541250000000002,2022-02-28 00:00:00
6,Mt Snow,12.719583333333333,8.255833333333333,2022-02-28 00:00:00
7,Mohawk,23.022916666666664,4.180833333333331,2022-02-28 00:00:00
8,Killington,14.185833333333335,2.6162499999999995,2022-02-28 00:00:00
9,Stowe,9.75625,7.405,2022-02-28 00:00:00
10,Stratton,12.719583333333333,8.255833333333333,2022-02-28 00:00:00
11,Sugarbush,10.932500000000003,4.700833333333334,2022-02-28 00:00:00
12,Okemo,16.60958333333333,4.948333333333333,2022-02-28 00:00:00
0,Hunter,24.232499999999998,6.4362499999999985,2022-03-01 00:00:00
1,Jack Frost,30.800833333333333,8.179999999999998,2022-03-01 00:00:00
2,Big Boulder,28.080833333333334,3.4158333333333335,2022-03-01 00:00:00
3,Windham,23.512083333333333,4.046666666666666,2022-03-01 00:00:00
4,Mountain Creek,30.63958333333333,1.8558333333333332,2022-03-01 00:00:00
5,Roundtop,36.12708333333333,6.77625,2022-03-01 00:00:00
6,Mt Snow,15.273333333333333,5.814166666666665,2022-03-01 00:00:00
7,Mohawk,23.637916666666666,1.8433333333333337,2022-03-01 00:00:00
8,Killington,16.78625,3.477916666666667,2022-03-01 00:00:00
9,Stowe,12.139583333333334,3.2991666666666664,2022-03-01 00:00:00
10,Stratton,15.273333333333333,5.814166666666665,2022-03-01 00:00:00
11,Sugarbush,14.52083333333333,4.037916666666667,2022-03-01 00:00:00
12,Okemo,17.84625,1.1216666666666664,2022-03-01 00:00:00
0,Hunter,35.73458333333334,5.214166666666666,2022-03-02 00:00:00
1,Jack Frost,38.1175,7.87,2022-03-02 00:00:00
2,Big Boulder,36.00333333333332,6.092916666666667,2022-03-02 00:00:00
3,Windham,35.750833333333325,4.740000000000001,2022-03-02 00:00:00
4,Mountain Creek,40.515416666666674,1.7666666666666664,2022-03-02 00:00:00
5,Roundtop,44.87999999999999,6.5925,2022-03-02 00:00:00
6,Mt Snow,27.771250000000006,9.590833333333334,2022-03-02 00:00:00
7,Mohawk,35.315416666666664,3.004166666666667,2022-03-02 00:00:00
8,Killington,29.94291666666666,5.135416666666668,2022-03-02 00:00:00
9,Stowe,23.567083333333333,6.147500000000001,2022-03-02 00:00:00
10,Stratton,27.771250000000006,9.590833333333334,2022-03-02 00:00:00
11,Sugarbush,25.815833333333334,4.097500000000001,2022-03-02 00:00:00
12,Okemo,31.452083333333334,3.4995833333333333,2022-03-02 00:00:00
0,Hunter,29.848749999999995,7.31125,2022-03-03 00:00:00
1,Jack Frost,34.39041666666667,10.675416666666669,2022-03-03 00:00:00
2,Big Boulder,32.447916666666664,4.0616666666666665,2022-03-03 00:00:00
3,Windham,29.06916666666667,2.845416666666667,2022-03-03 00:00:00
4,Mountain Creek,36.79458333333333,3.988333333333333,2022-03-03 00:00:00
5,Roundtop,43.30458333333333,10.306666666666667,2022-03-03 00:00:00
6,Mt Snow,22.24541666666667,9.455,2022-03-03 00:00:00
7,Mohawk,31.4475,3.935833333333333,2022-03-03 00:00:00
8,Killington,24.326249999999998,2.589166666666667,2022-03-03 00:00:00
9,Stowe,19.253333333333334,7.48,2022-03-03 00:00:00
10,Stratton,22.24541666666667,9.455,2022-03-03 00:00:00
11,Sugarbush,21.37125,7.085000000000001,2022-03-03 00:00:00
12,Okemo,26.001666666666665,4.000416666666667,2022-03-03 00:00:00
0,Hunter,20.740416666666665,4.159583333333333,2022-03-04 00:00:00
1,Jack Frost,23.064583333333335,7.161666666666666,2022-03-04 00:00:00
2,Big Boulder,20.808333333333334,3.6620833333333334,2022-03-04 00:00:00
3,Windham,20.375416666666666,2.6662499999999993,2022-03-04 00:00:00
4,Mountain Creek,24.920416666666664,2.7495833333333337,2022-03-04 00:00:00
5,Roundtop,29.22208333333333,6.691666666666666,2022-03-04 00:00:00
6,Mt Snow,11.788333333333332,7.759166666666668,2022-03-04 00:00:00
7,Mohawk,20.47791666666667,2.44625,2022-03-04 00:00:00
8,Killington,12.489166666666664,2.2141666666666664,2022-03-04 00:00:00
9,Stowe,9.852083333333331,4.569999999999999,2022-03-04 00:00:00
10,Stratton,11.788333333333332,7.759166666666668,2022-03-04 00:00:00
11,Sugarbush,10.791249999999998,4.210416666666666,2022-03-04 00:00:00
12,Okemo,15.386666666666668,2.5425,2022-03-04 00:00:00
0,Hunter,26.477916666666662,3.141666666666667,2022-03-05 00:00:00
1,Jack Frost,30.697083333333335,4.07875,2022-03-05 00:00:00
2,Big Boulder,28.21625,1.8704166666666664,2022-03-05 00:00:00
3,Windham,25.76041666666666,2.5920833333333335,2022-03-05 00:00:00
4,Mountain Creek,31.612499999999994,0.9233333333333333,2022-03-05 00:00:00
5,Roundtop,36.57541666666666,5.241666666666666,2022-03-05 00:00:00
6,Mt Snow,19.13625,4.505,2022-03-05 00:00:00
7,Mohawk,26.323333333333338,1.64125,2022-03-05 00:00:00
8,Killington,21.505416666666672,2.0087499999999996,2022-03-05 00:00:00
9,Stowe,23.204166666666666,1.9833333333333334,2022-03-05 00:00:00
10,Stratton,19.13625,4.505,2022-03-05 00:00:00
11,Sugarbush,23.692083333333333,3.7241666666666666,2022-03-05 00:00:00
12,Okemo,22.719583333333336,1.6250000000000007,2022-03-05 00:00:00
0,Hunter,44.23749999999999,8.961250000000001,2022-03-06 00:00:00
1,Jack Frost,46.806249999999984,9.02875,2022-03-06 00:00:00
2,Big Boulder,43.32875000000001,5.805833333333333,2022-03-06 00:00:00
3,Windham,45.330833333333324,8.278749999999999,2022-03-06 00:00:00
4,Mountain Creek,46.34875,2.8125,2022-03-06 00:00:00
5,Roundtop,50.82708333333334,7.089583333333333,2022-03-06 00:00:00
6,Mt Snow,37.830000000000005,8.9425,2022-03-06 00:00:00
7,Mohawk,41.24333333333333,3.6062499999999997,2022-03-06 00:00:00
8,Killington,40.233333333333334,4.8704166666666655,2022-03-06 00:00:00
9,Stowe,39.711666666666666,6.427499999999999,2022-03-06 00:00:00
10,Stratton,37.830000000000005,8.9425,2022-03-06 00:00:00
11,Sugarbush,40.52125,8.769166666666665,2022-03-06 00:00:00
12,Okemo,40.73875,4.065833333333333,2022-03-06 00:00:00
0,Hunter,47.97874999999999,5.4508333333333345,2022-03-07 00:00:00
1,Jack Frost,57.53291666666666,10.244583333333333,2022-03-07 00:00:00
2,Big Boulder,55.570000000000014,2.7916666666666665,2022-03-07 00:00:00
3,Windham,46.26166666666666,5.69,2022-03-07 00:00:00
4,Mountain Creek,59.94541666666666,2.9808333333333317,2022-03-07 00:00:00
5,Roundtop,62.35333333333333,7.674583333333334,2022-03-07 00:00:00
6,Mt Snow,40.13291666666666,9.99375,2022-03-07 00:00:00
7,Mohawk,51.682916666666664,4.114583333333333,2022-03-07 00:00:00
8,Killington,43.29041666666666,4.114166666666667,2022-03-07 00:00:00
9,Stowe,42.16375,5.83625,2022-03-07 00:00:00
10,Stratton,40.13291666666666,9.99375,2022-03-07 00:00:00
11,Sugarbush,42.24125,5.839166666666666,2022-03-07 00:00:00
12,Okemo,44.31958333333333,4.624166666666666,2022-03-07 00:00:00
0,Hunter,39.48166666666666,12.25,2022-03-08 00:00:00
1,Jack Frost,39.76541666666667,13.675000000000004,2022-03-08 00:00:00
2,Big Boulder,37.822916666666664,5.690416666666667,2022-03-08 00:00:00
3,Windham,38.765833333333326,4.540416666666665,2022-03-08 00:00:00
4,Mountain Creek,43.77000000000001,6.341666666666669,2022-03-08 00:00:00
5,Roundtop,43.66208333333333,13.898333333333339,2022-03-08 00:00:00
6,Mt Snow,31.647499999999997,17.296249999999997,2022-03-08 00:00:00
7,Mohawk,39.384166666666665,4.427499999999999,2022-03-08 00:00:00
8,Killington,34.83708333333332,3.14625,2022-03-08 00:00:00
9,Stowe,30.002916666666653,7.1025,2022-03-08 00:00:00
10,Stratton,31.647499999999997,17.296249999999997,2022-03-08 00:00:00
11,Sugarbush,31.882499999999997,6.302916666666667,2022-03-08 00:00:00
12,Okemo,36.217499999999994,6.623333333333335,2022-03-08 00:00:00
0,Hunter,29.364166666666673,2.6675,2022-03-09 00:00:00
1,Jack Frost,31.826249999999998,3.5233333333333334,2022-03-09 00:00:00
2,Big Boulder,29.315,3.6062499999999993,2022-03-09 00:00:00
3,Windham,29.677500000000006,3.111666666666667,2022-03-09 00:00:00
4,Mountain Creek,33.02416666666666,1.7237500000000001,2022-03-09 00:00:00
5,Roundtop,34.88625,3.881666666666666,2022-03-09 00:00:00
6,Mt Snow,24.071666666666673,3.1425,2022-03-09 00:00:00
7,Mohawk,28.743750000000002,1.9325000000000003,2022-03-09 00:00:00
8,Killington,27.902500000000007,3.3574999999999995,2022-03-09 00:00:00
9,Stowe,26.31583333333334,3.2991666666666664,2022-03-09 00:00:00
10,Stratton,24.071666666666673,3.1425,2022-03-09 00:00:00
11,Sugarbush,27.584166666666665,3.170833333333333,2022-03-09 00:00:00
12,Okemo,28.035416666666666,1.576666666666667,2022-03-09 00:00:00
0,Hunter,33.52416666666666,2.398333333333333,2022-03-10 00:00:00
1,Jack Frost,33.865833333333335,2.6195833333333334,2022-03-10 00:00:00
2,Big Boulder,31.320833333333336,5.094166666666667,2022-03-10 00:00:00
3,Windham,33.36458333333332,2.6758333333333333,2022-03-10 00:00:00
4,Mountain Creek,35.285833333333336,1.7470833333333333,2022-03-10 00:00:00
5,Roundtop,36.66916666666666,2.9187499999999997,2022-03-10 00:00:00
6,Mt Snow,28.509583333333335,4.955833333333333,2022-03-10 00:00:00
7,Mohawk,32.13875,2.4925,2022-03-10 00:00:00
8,Killington,32.36958333333333,2.2908333333333335,2022-03-10 00:00:00
9,Stowe,33.44958333333333,4.6925,2022-03-10 00:00:00
10,Stratton,28.509583333333335,4.955833333333333,2022-03-10 00:00:00
11,Sugarbush,33.34458333333333,3.5216666666666665,2022-03-10 00:00:00
12,Okemo,32.52833333333334,1.3408333333333333,2022-03-10 00:00:00
0,Hunter,35.11875,4.041666666666667,2022-03-11 00:00:00
1,Jack Frost,36.74916666666667,3.889583333333333,2022-03-11 00:00:00
2,Big Boulder,34.4675,4.785833333333333,2022-03-11 00:00:00
3,Windham,35.20875,3.6087499999999992,2022-03-11 00:00:00
4,Mountain Creek,39.04375,3.672083333333333,2022-03-11 00:00:00
5,Roundtop,42.34875,4.3475,2022-03-11 00:00:00
6,Mt Snow,30.23541666666667,3.9483333333333337,2022-03-11 00:00:00
7,Mohawk,35.400416666666665,2.5000000000000004,2022-03-11 00:00:00
8,Killington,33.83208333333333,4.469166666666666,2022-03-11 00:00:00
9,Stowe,33.23833333333333,3.839166666666666,2022-03-11 00:00:00
10,Stratton,30.23541666666667,3.9483333333333337,2022-03-11 00:00:00
11,Sugarbush,33.93916666666667,2.0258333333333334,2022-03-11 00:00:00
12,Okemo,34.19749999999999,2.3466666666666662,2022-03-11 00:00:00
0,Hunter,32.60208333333334,8.573333333333332,2022-03-12 00:00:00
1,Jack Frost,32.74541666666667,13.054583333333332,2022-03-12 00:00:00
2,Big Boulder,30.2075,18.404166666666665,2022-03-12 00:00:00
3,Windham,33.26083333333333,5.99875,2022-03-12 00:00:00
4,Mountain Creek,34.38583333333334,6.9120833333333325,2022-03-12 00:00:00
5,Roundtop,35.92458333333334,12.665833333333332,2022-03-12 00:00:00
6,Mt Snow,29.785833333333333,7.692083333333333,2022-03-12 00:00:00
7,Mohawk,33.24916666666666,8.229166666666666,2022-03-12 00:00:00
8,Killington,32.25541666666667,11.745416666666669,2022-03-12 00:00:00
9,Stowe,32.04125,6.4125000000000005,2022-03-12 00:00:00
10,Stratton,29.785833333333333,7.692083333333333,2022-03-12 00:00:00
11,Sugarbush,32.30708333333333,6.282916666666668,2022-03-12 00:00:00
12,Okemo,33.732499999999995,3.3499999999999996,2022-03-12 00:00:00
0,Hunter,23.687916666666666,11.394166666666669,2022-03-13 00:00:00
1,Jack Frost,19.275416666666672,13.582083333333332,2022-03-13 00:00:00
2,Big Boulder,17.243333333333336,17.646666666666675,2022-03-13 00:00:00
3,Windham,24.03708333333333,3.5849999999999995,2022-03-13 00:00:00
4,Mountain Creek,23.18166666666667,10.971666666666666,2022-03-13 00:00:00
5,Roundtop,22.971249999999998,13.797500000000001,2022-03-13 00:00:00
6,Mt Snow,15.204166666666666,15.861666666666666,2022-03-13 00:00:00
7,Mohawk,21.78625,4.210000000000001,2022-03-13 00:00:00
8,Killington,19.876250000000002,11.458750000000002,2022-03-13 00:00:00
9,Stowe,19.034166666666668,9.640416666666669,2022-03-13 00:00:00
10,Stratton,15.204166666666666,15.861666666666666,2022-03-13 00:00:00
11,Sugarbush,19.527083333333334,6.540833333333333,2022-03-13 00:00:00
12,Okemo,20.924999999999997,14.132500000000006,2022-03-13 00:00:00
0,Hunter,34.292500000000004,4.541666666666666,2022-03-14 00:00:00
1,Jack Frost,33.525,5.527916666666667,2022-03-14 00:00:00
2,Big Boulder,31.24541666666667,9.399583333333334,2022-03-14 00:00:00
3,Windham,34.97708333333333,3.450416666666667,2022-03-14 00:00:00
4,Mountain Creek,36.21541666666668,5.329166666666667,2022-03-14 00:00:00
5,Roundtop,36.473333333333336,3.98875,2022-03-14 00:00:00
6,Mt Snow,26.85208333333333,8.432916666666666,2022-03-14 00:00:00
7,Mohawk,32.646249999999995,3.0983333333333327,2022-03-14 00:00:00
8,Killington,31.12291666666667,7.479166666666665,2022-03-14 00:00:00
9,Stowe,28.65458333333333,5.244999999999999,2022-03-14 00:00:00
10,Stratton,26.85208333333333,8.432916666666666,2022-03-14 00:00:00
11,Sugarbush,30.0725,5.869166666666666,2022-03-14 00:00:00
12,Okemo,30.456250000000008,5.998333333333334,2022-03-14 00:00:00
0,Hunter,43.79750000000001,3.5012500000000006,2022-03-15 00:00:00
1,Jack Frost,45.54749999999999,4.5375000000000005,2022-03-15 00:00:00
2,Big Boulder,42.155,8.792083333333334,2022-03-15 00:00:00
3,Windham,44.149166666666666,3.535416666666667,2022-03-15 00:00:00
4,Mountain Creek,48.60833333333334,3.277083333333333,2022-03-15 00:00:00
5,Roundtop,47.68541666666667,4.392083333333333,2022-03-15 00:00:00
6,Mt Snow,38.34291666666666,5.433333333333334,2022-03-15 00:00:00
7,Mohawk,45.014166666666654,2.1029166666666677,2022-03-15 00:00:00
8,Killington,39.12749999999999,5.055833333333333,2022-03-15 00:00:00
9,Stowe,37.03875,5.239999999999999,2022-03-15 00:00:00
10,Stratton,38.34291666666666,5.433333333333334,2022-03-15 00:00:00
11,Sugarbush,38.11041666666667,2.723333333333334,2022-03-15 00:00:00
12,Okemo,39.59,2.6249999999999996,2022-03-15 00:00:00
0,Hunter,45.33375000000001,2.8370833333333327,2022-03-16 00:00:00
1,Jack Frost,52.36958333333334,5.0512500000000005,2022-03-16 00:00:00
2,Big Boulder,50.17291666666666,8.85875,2022-03-16 00:00:00
3,Windham,45.518750000000004,2.946666666666666,2022-03-16 00:00:00
4,Mountain Creek,53.63583333333333,3.29125,2022-03-16 00:00:00
5,Roundtop,54.47208333333333,4.171666666666667,2022-03-16 00:00:00
6,Mt Snow,39.290416666666665,3.085833333333333,2022-03-16 00:00:00
7,Mohawk,46.354166666666664,2.427083333333334,2022-03-16 00:00:00
8,Killington,39.571666666666665,2.0700000000000007,2022-03-16 00:00:00
9,Stowe,39.091249999999995,2.5124999999999997,2022-03-16 00:00:00
10,Stratton,39.290416666666665,3.085833333333333,2022-03-16 00:00:00
11,Sugarbush,39.58166666666666,2.015416666666667,2022-03-16 00:00:00
12,Okemo,41.560833333333335,1.8704166666666666,2022-03-16 00:00:00
0,Hunter,46.86041666666667,4.279166666666667,2022-03-17 00:00:00
1,Jack Frost,50.37041666666667,3.580416666666666,2022-03-17 00:00:00
2,Big Boulder,46.38750000000001,4.365833333333333,2022-03-17 00:00:00
3,Windham,48.47999999999999,5.722916666666667,2022-03-17 00:00:00
4,Mountain Creek,47.317083333333336,4.191249999999999,2022-03-17 00:00:00
5,Roundtop,53.642083333333346,4.331666666666666,2022-03-17 00:00:00
6,Mt Snow,41.502500000000005,4.569999999999999,2022-03-17 00:00:00
7,Mohawk,43.45458333333334,2.6550000000000007,2022-03-17 00:00:00
8,Killington,46.62500000000001,9.708333333333336,2022-03-17 00:00:00
9,Stowe,46.49875,3.585416666666667,2022-03-17 00:00:00
10,Stratton,41.502500000000005,4.569999999999999,2022-03-17 00:00:00
11,Sugarbush,48.07541666666666,5.058333333333334,2022-03-17 00:00:00
12,Okemo,43.375833333333325,2.828333333333333,2022-03-17 00:00:00
0,Hunter,54.230416666666656,2.4312499999999995,2022-03-18 00:00:00
1,Jack Frost,55.07750000000001,3.324583333333333,2022-03-18 00:00:00
2,Big Boulder,52.65708333333333,5.270416666666666,2022-03-18 00:00:00
3,Windham,54.46541666666667,2.4537500000000003,2022-03-18 00:00:00
4,Mountain Creek,56.58416666666667,2.556666666666667,2022-03-18 00:00:00
5,Roundtop,55.7775,3.0720833333333335,2022-03-18 00:00:00
6,Mt Snow,49.34458333333333,4.195,2022-03-18 00:00:00
7,Mohawk,55.327916666666674,2.2804166666666665,2022-03-18 00:00:00
8,Killington,50.13041666666666,7.157083333333333,2022-03-18 00:00:00
9,Stowe,46.72125,3.0199999999999996,2022-03-18 00:00:00
10,Stratton,49.34458333333333,4.195,2022-03-18 00:00:00
11,Sugarbush,49.88958333333334,3.9358333333333326,2022-03-18 00:00:00
12,Okemo,51.082083333333344,2.9416666666666664,2022-03-18 00:00:00
0,Hunter,53.68416666666666,4.31,2022-03-19 00:00:00
1,Jack Frost,58.72208333333333,8.31375,2022-03-19 00:00:00
2,Big Boulder,56.07875000000001,8.249166666666666,2022-03-19 00:00:00
3,Windham,54.770416666666655,3.6625,2022-03-19 00:00:00
4,Mountain Creek,58.511666666666656,3.782916666666667,2022-03-19 00:00:00
5,Roundtop,61.943333333333335,11.37,2022-03-19 00:00:00
6,Mt Snow,45.137916666666676,3.963749999999999,2022-03-19 00:00:00
7,Mohawk,52.05333333333332,2.5837499999999998,2022-03-19 00:00:00
8,Killington,48.07416666666666,9.782916666666669,2022-03-19 00:00:00
9,Stowe,43.910000000000004,3.959999999999999,2022-03-19 00:00:00
10,Stratton,45.137916666666676,3.963749999999999,2022-03-19 00:00:00
11,Sugarbush,45.50791666666667,2.705833333333333,2022-03-19 00:00:00
12,Okemo,47.57625000000001,3.3325,2022-03-19 00:00:00
0,Hunter,49.018750000000004,4.6729166666666675,2022-03-20 00:00:00
1,Jack Frost,47.994166666666665,10.545833333333333,2022-03-20 00:00:00
2,Big Boulder,45.66541666666666,14.329583333333337,2022-03-20 00:00:00
3,Windham,49.59958333333333,3.7566666666666664,2022-03-20 00:00:00
4,Mountain Creek,51.81583333333333,4.931666666666667,2022-03-20 00:00:00
5,Roundtop,51.37958333333332,13.195833333333331,2022-03-20 00:00:00
6,Mt Snow,42.082499999999996,8.347499999999998,2022-03-20 00:00:00
7,Mohawk,49.376666666666665,3.6029166666666668,2022-03-20 00:00:00
8,Killington,45.85625000000001,8.48875,2022-03-20 00:00:00
9,Stowe,44.32333333333333,4.9775,2022-03-20 00:00:00
10,Stratton,42.082499999999996,8.347499999999998,2022-03-20 00:00:00
11,Sugarbush,45.37,4.020833333333333,2022-03-20 00:00:00
12,Okemo,45.30000000000001,6.142500000000001,2022-03-20 00:00:00
0,Hunter,45.23083333333333,10.4675,2022-03-21 00:00:00
1,Jack Frost,45.85500000000001,12.533333333333333,2022-03-21 00:00:00
2,Big Boulder,43.62875,17.452916666666667,2022-03-21 00:00:00
3,Windham,45.20208333333334,9.610416666666667,2022-03-21 00:00:00
4,Mountain Creek,47.82416666666666,9.146666666666668,2022-03-21 00:00:00
5,Roundtop,51.493750000000006,11.239583333333334,2022-03-21 00:00:00
6,Mt Snow,36.85958333333334,12.966250000000002,2022-03-21 00:00:00
7,Mohawk,43.84291666666667,6.457916666666666,2022-03-21 00:00:00
8,Killington,39.53041666666667,7.7925,2022-03-21 00:00:00
9,Stowe,37.874166666666675,6.805416666666667,2022-03-21 00:00:00
10,Stratton,36.85958333333334,12.966250000000002,2022-03-21 00:00:00
11,Sugarbush,38.92333333333333,7.9295833333333325,2022-03-21 00:00:00
12,Okemo,42.53208333333334,11.572916666666666,2022-03-21 00:00:00
0,Hunter,41.815000000000005,7.81375,2022-03-22 00:00:00
1,Jack Frost,45.957916666666655,8.8225,2022-03-22 00:00:00
2,Big Boulder,42.84375,13.895833333333336,2022-03-22 00:00:00
3,Windham,41.62916666666667,9.125416666666666,2022-03-22 00:00:00
4,Mountain Creek,46.85958333333332,6.3425,2022-03-22 00:00:00
5,Roundtop,48.60166666666667,5.452083333333333,2022-03-22 00:00:00
6,Mt Snow,32.762499999999996,13.392499999999998,2022-03-22 00:00:00
7,Mohawk,41.115833333333335,6.709166666666666,2022-03-22 00:00:00
8,Killington,34.78541666666667,9.28125,2022-03-22 00:00:00
9,Stowe,31.342499999999998,9.7275,2022-03-22 00:00:00
10,Stratton,32.762499999999996,13.392499999999998,2022-03-22 00:00:00
11,Sugarbush,32.72958333333334,9.499583333333332,2022-03-22 00:00:00
12,Okemo,37.15416666666667,9.750416666666668,2022-03-22 00:00:00
0,Hunter,36.57375,4.281666666666667,2022-03-23 00:00:00
1,Jack Frost,38.932916666666664,7.265416666666668,2022-03-23 00:00:00
2,Big Boulder,36.35208333333333,7.373333333333335,2022-03-23 00:00:00
3,Windham,36.75083333333334,5.166666666666667,2022-03-23 00:00:00
4,Mountain Creek,40.61833333333335,5.63625,2022-03-23 00:00:00
5,Roundtop,44.890416666666674,8.684999999999999,2022-03-23 00:00:00
6,Mt Snow,31.06083333333334,4.245833333333333,2022-03-23 00:00:00
7,Mohawk,36.37625,2.9995833333333337,2022-03-23 00:00:00
8,Killington,33.23916666666666,4.196666666666666,2022-03-23 00:00:00
9,Stowe,32.06583333333333,2.6816666666666666,2022-03-23 00:00:00
10,Stratton,31.06083333333334,4.245833333333333,2022-03-23 00:00:00
11,Sugarbush,33.06333333333334,3.6950000000000003,2022-03-23 00:00:00
12,Okemo,35.01958333333334,2.7145833333333336,2022-03-23 00:00:00
0,Hunter,37.53208333333333,3.452083333333334,2022-03-24 00:00:00
1,Jack Frost,39.35999999999999,8.709166666666668,2022-03-24 00:00:00
2,Big Boulder,35.47791666666667,8.780833333333334,2022-03-24 00:00:00
3,Windham,38.536249999999995,6.306666666666668,2022-03-24 00:00:00
4,Mountain Creek,39.04291666666667,9.068333333333333,2022-03-24 00:00:00
5,Roundtop,43.905833333333334,8.082083333333332,2022-03-24 00:00:00
6,Mt Snow,32.374583333333334,6.496666666666667,2022-03-24 00:00:00
7,Mohawk,35.180416666666666,4.6691666666666665,2022-03-24 00:00:00
8,Killington,37.775416666666665,14.804583333333339,2022-03-24 00:00:00
9,Stowe,38.08291666666667,7.345416666666668,2022-03-24 00:00:00
10,Stratton,32.374583333333334,6.496666666666667,2022-03-24 00:00:00
11,Sugarbush,37.86249999999999,5.4120833333333325,2022-03-24 00:00:00
12,Okemo,37.27833333333333,2.050416666666667,2022-03-24 00:00:00
0,Hunter,44.71875000000001,3.663333333333334,2022-03-25 00:00:00
1,Jack Frost,44.59166666666666,6.291666666666668,2022-03-25 00:00:00
2,Big Boulder,41.49375,8.347916666666666,2022-03-25 00:00:00
3,Windham,45.10916666666666,3.599166666666667,2022-03-25 00:00:00
4,Mountain Creek,45.920416666666675,6.084166666666666,2022-03-25 00:00:00
5,Roundtop,46.72125,6.882499999999999,2022-03-25 00:00:00
6,Mt Snow,38.114583333333336,5.490416666666667,2022-03-25 00:00:00
7,Mohawk,43.64875,2.61875,2022-03-25 00:00:00
8,Killington,42.2225,7.6329166666666675,2022-03-25 00:00:00
9,Stowe,41.04708333333334,3.5687499999999996,2022-03-25 00:00:00
10,Stratton,38.114583333333336,5.490416666666667,2022-03-25 00:00:00
11,Sugarbush,41.57791666666666,3.4475000000000002,2022-03-25 00:00:00
12,Okemo,42.33541666666666,5.006249999999999,2022-03-25 00:00:00
0,Hunter,42.78,3.7100000000000004,2022-03-26 00:00:00
1,Jack Frost,41.40333333333333,9.019583333333333,2022-03-26 00:00:00
2,Big Boulder,39.17208333333334,11.485000000000001,2022-03-26 00:00:00
3,Windham,42.78916666666667,3.7766666666666655,2022-03-26 00:00:00
4,Mountain Creek,45.05250000000001,5.263749999999999,2022-03-26 00:00:00
5,Roundtop,45.22375,10.972083333333332,2022-03-26 00:00:00
6,Mt Snow,37.10416666666667,7.79,2022-03-26 00:00:00
7,Mohawk,43.03916666666667,2.185,2022-03-26 00:00:00
8,Killington,41.435833333333335,6.609583333333333,2022-03-26 00:00:00
9,Stowe,39.485,3.594166666666666,2022-03-26 00:00:00
10,Stratton,37.10416666666667,7.79,2022-03-26 00:00:00
11,Sugarbush,40.68708333333334,4.8483333333333345,2022-03-26 00:00:00
12,Okemo,42.615,6.614166666666666,2022-03-26 00:00:00
0,Hunter,36.84125,7.324166666666667,2022-03-27 00:00:00
1,Jack Frost,33.429166666666674,11.625,2022-03-27 00:00:00
2,Big Boulder,31.530416666666664,14.622083333333334,2022-03-27 00:00:00
3,Windham,36.73416666666667,3.4741666666666666,2022-03-27 00:00:00
4,Mountain Creek,37.97875,8.448333333333336,2022-03-27 00:00:00
5,Roundtop,36.63625,15.501249999999999,2022-03-27 00:00:00
6,Mt Snow,31.2375,10.479166666666666,2022-03-27 00:00:00
7,Mohawk,36.087083333333325,3.8370833333333336,2022-03-27 00:00:00
8,Killington,36.28083333333333,7.554583333333333,2022-03-27 00:00:00
9,Stowe,34.31,6.5129166666666665,2022-03-27 00:00:00
10,Stratton,31.2375,10.479166666666666,2022-03-27 00:00:00
11,Sugarbush,35.61249999999999,5.531666666666666,2022-03-27 00:00:00
12,Okemo,37.41666666666666,8.840833333333334,2022-03-27 00:00:00
0,Hunter,22.38083333333334,10.894999999999998,2022-03-28 00:00:00
1,Jack Frost,20.8675,14.087083333333332,2022-03-28 00:00:00
2,Big Boulder,18.65875,16.92708333333334,2022-03-28 00:00:00
3,Windham,22.492916666666662,3.255833333333333,2022-03-28 00:00:00
4,Mountain Creek,24.547083333333333,11.695,2022-03-28 00:00:00
5,Roundtop,26.840416666666666,15.626666666666672,2022-03-28 00:00:00
6,Mt Snow,15.389583333333334,13.469166666666668,2022-03-28 00:00:00
7,Mohawk,21.740416666666672,6.711666666666665,2022-03-28 00:00:00
8,Killington,18.217500000000005,11.722916666666668,2022-03-28 00:00:00
9,Stowe,15.059166666666668,9.928750000000003,2022-03-28 00:00:00
10,Stratton,15.389583333333334,13.469166666666668,2022-03-28 00:00:00
11,Sugarbush,16.575833333333332,7.345833333333332,2022-03-28 00:00:00
12,Okemo,21.312500000000004,11.738333333333337,2022-03-28 00:00:00
0,Hunter,24.153333333333325,10.568333333333333,2022-03-29 00:00:00
1,Jack Frost,24.06625,13.045833333333334,2022-03-29 00:00:00
2,Big Boulder,21.522500000000004,19.782083333333333,2022-03-29 00:00:00
3,Windham,24.292083333333338,4.168333333333333,2022-03-29 00:00:00
4,Mountain Creek,26.24833333333334,10.625416666666665,2022-03-29 00:00:00
5,Roundtop,29.21208333333334,11.945833333333338,2022-03-29 00:00:00
6,Mt Snow,15.646666666666667,11.243333333333332,2022-03-29 00:00:00
7,Mohawk,22.001250000000002,9.040000000000001,2022-03-29 00:00:00
8,Killington,19.187916666666666,9.209583333333333,2022-03-29 00:00:00
9,Stowe,18.330833333333334,8.646666666666667,2022-03-29 00:00:00
10,Stratton,15.646666666666667,11.243333333333332,2022-03-29 00:00:00
11,Sugarbush,19.22041666666667,5.9870833333333335,2022-03-29 00:00:00
12,Okemo,20.82041666666667,10.515416666666665,2022-03-29 00:00:00
0,Hunter,29.88333333333334,4.32,2022-03-30 00:00:00
1,Jack Frost,29.296250000000004,5.357083333333333,2022-03-30 00:00:00
2,Big Boulder,26.8075,7.5475,2022-03-30 00:00:00
3,Windham,30.823749999999993,4.600000000000001,2022-03-30 00:00:00
4,Mountain Creek,32.71666666666666,4.092916666666666,2022-03-30 00:00:00
5,Roundtop,34.42375,5.537916666666667,2022-03-30 00:00:00
6,Mt Snow,25.450416666666666,6.435000000000001,2022-03-30 00:00:00
7,Mohawk,29.13083333333334,4.111250000000001,2022-03-30 00:00:00
8,Killington,27.43875,4.509166666666667,2022-03-30 00:00:00
9,Stowe,27.192083333333333,4.51875,2022-03-30 00:00:00
10,Stratton,25.450416666666666,6.435000000000001,2022-03-30 00:00:00
11,Sugarbush,27.92041666666667,5.40125,2022-03-30 00:00:00
12,Okemo,30.876250000000002,5.4325,2022-03-30 00:00:00
0,Hunter,42.53791666666667,7.702083333333333,2022-03-31 00:00:00
1,Jack Frost,47.75458333333333,10.606250000000001,2022-03-31 00:00:00
2,Big Boulder,43.86375,10.453750000000001,2022-03-31 00:00:00
3,Windham,44.53208333333333,5.495416666666666,2022-03-31 00:00:00
4,Mountain Creek,48.09291666666667,5.1525,2022-03-31 00:00:00
5,Roundtop,53.878750000000004,13.509166666666667,2022-03-31 00:00:00
6,Mt Snow,41.205000000000005,6.266666666666667,2022-03-31 00:00:00
7,Mohawk,42.522499999999994,3.7337500000000006,2022-03-31 00:00:00
8,Killington,44.23833333333334,7.737499999999998,2022-03-31 00:00:00
9,Stowe,41.89416666666666,5.763333333333333,2022-03-31 00:00:00
10,Stratton,41.205000000000005,6.266666666666667,2022-03-31 00:00:00
11,Sugarbush,42.97416666666666,5.344166666666666,2022-03-31 00:00:00
12,Okemo,42.52166666666667,5.17625,2022-03-31 00:00:00
0,Hunter,47.483749999999986,6.365416666666667,2022-04-01 00:00:00
1,Jack Frost,46.92458333333334,12.045,2022-04-01 00:00:00
2,Big Boulder,45.015833333333326,13.508750000000001,2022-04-01 00:00:00
3,Windham,47.60249999999999,4.0962499999999995,2022-04-01 00:00:00
4,Mountain Creek,51.145833333333336,6.974166666666668,2022-04-01 00:00:00
5,Roundtop,50.181666666666665,12.866666666666667,2022-04-01 00:00:00
6,Mt Snow,42.989583333333336,9.93625,2022-04-01 00:00:00
7,Mohawk,48.034166666666664,4.593749999999999,2022-04-01 00:00:00
8,Killington,47.13208333333333,7.250833333333333,2022-04-01 00:00:00
9,Stowe,43.76,3.124166666666666,2022-04-01 00:00:00
10,Stratton,42.989583333333336,9.93625,2022-04-01 00:00:00
11,Sugarbush,45.02083333333334,4.149583333333333,2022-04-01 00:00:00
12,Okemo,48.32749999999999,7.526666666666666,2022-04-01 00:00:00
0,Hunter,39.89125,7.767499999999999,2022-04-02 00:00:00
1,Jack Frost,38.35791666666666,9.410000000000002,2022-04-02 00:00:00
2,Big Boulder,36.21375000000001,14.642500000000004,2022-04-02 00:00:00
3,Windham,39.97083333333333,3.153333333333333,2022-04-02 00:00:00
4,Mountain Creek,41.52166666666667,8.41041666666667,2022-04-02 00:00:00
5,Roundtop,42.16708333333333,8.28625,2022-04-02 00:00:00
6,Mt Snow,32.57333333333333,12.881250000000001,2022-04-02 00:00:00
7,Mohawk,38.18541666666667,5.418333333333333,2022-04-02 00:00:00
8,Killington,36.50166666666666,11.17375,2022-04-02 00:00:00
9,Stowe,33.34916666666667,10.475416666666666,2022-04-02 00:00:00
10,Stratton,32.57333333333333,12.881250000000001,2022-04-02 00:00:00
11,Sugarbush,34.2525,5.029583333333334,2022-04-02 00:00:00
12,Okemo,37.84999999999999,11.878750000000004,2022-04-02 00:00:00
